Comments,Classes
Tu bohot bekar aadmi hai.,A
Aap ki baat bilkul sahi hai.,NA
Chal nikal yahan se bewakoof!,A
Yeh movie bohot achi thi.,NA
Tera dimagh kharab hai kya?,A
Mujhe tumhari baat pasand ayi.,NA
Tum bilkul pagal ho.,A
Bahut zabardast performance thi.,NA
Tu kitna jahil hai.,A
Aaj mausam bohot acha hai.,NA
Tujhe sharam nahi aati?,A
Tumhari soch bohot achi hai.,NA
"Chal hatt, dimagh mat kharab kar.",A
Tumhara mashwara bohot acha tha.,NA
Teri soorat dekh kar hasi aati hai.,A
Yeh kitab bohot informative hai.,NA
Tujhe samajh nahi aati kya?,A
Bohot shukriya madad karne ka.,NA
Tujh se baat karna time waste hai.,NA
Aap ka tareeqa sahi lag raha hai.,NA
"Bakwas band kar, samjha?",A
Yeh jagah bohot khubsurat hai.,NA
Teri harkatein bilkul bewaqoofon wali hain.,A
Mujhe yeh kaam karna pasand hai.,NA
Tumhari akal ghaas charne gayi hai kya?,A
Yeh information bohot kaam ki hai.,NA
Tera munh band kar warna acha nahi hoga.,A
Bohot achi presentation di tumne.,NA
Tu ek number ka jhutha aadmi hai.,A
Yeh system kaafi efficient hai.,NA
Kya bakwas kar raha hai tu?,A
Tumhari mehnat qabil-e-tareef hai.,NA
Tum se ziada bewaqoof insan nahi dekha.,A
Yeh lecture bohot informative tha.,NA
Tum sirf dosron ki burai karna jante ho.,A
Tumne bohot acha kaam kiya hai.,NA
Tujhe kisi baat ki samajh nahi aati.,A
Yeh design bohot creative hai.,NA
Teri baton ka koi sar-pair nahi hai.,A
Tumhari soch bohot logical hai.,NA
"Chal nikal yahan se, samjha?",A
Yeh training bohot helpful thi.,NA
Tujh se zyada jhutha insan nahi dekha.,A
Yeh coding style kaafi clean hai.,NA
Tera sochna bhi chhoti soch ka saboot hai.,A
Yeh restaurant bohot acha hai.,NA
Tu sirf dosron ki burai karna janta hai.,A
Tumhari madad se kaafi asani hui.,NA
Tera dimagh ghaas charne gaya hai kya?,A
Yeh tutorial bohot easy to understand hai.,NA
Teri baat sunne ka koi faida nahi.,A
Aap ka idea bohot unique hai.,NA
Tujhe akal nahi hai kya?,A
Tumhara kaam bohot behtareen hai.,NA
Tu sirf bakwas karna janta hai.,A
Yeh project bohot well-organized hai.,NA
"Chal hatt, mujhe tang mat kar.",A
Tumhara attitude bohot professional hai.,NA
Tu bilkul hi bewaqoof hai.,A
Tumhara plan bohot acha hai.,NA
Teri harkatein ghatiya hain.,A
Yeh software kaafi user-friendly hai.,NA
"Chal nikal, mujhe teri shakl bhi nahi dekhni.",A
Yeh course bohot interesting hai.,NA
Tujh jese log sirf masail khade karte hain.,A
Tumhara tareeqa kaafi impressive hai.,NA
Tujh se baat karna fazool hai.,A
Yeh model bohot accurate results de raha hai.,NA
Teri baat ka koi sar-pair nahi hai.,A
Yeh technology bohot advanced hai.,NA
Tu sirf apni tarif sunna chahta hai.,A
Yeh solution kaafi effective hai.,NA
"Chal hatt, mujhe time mat waste kar.",A
Yeh method kaafi reliable hai.,NA
Teri baat bilkul bakwas hai.,A
Yeh concept bohot acha explain kiya gaya hai.,NA
Tu bas dosron ki buraiyan nikalne me expert hai.,A
Yeh research paper kaafi insightful hai.,NA
Tera sochna bhi bekaar hai.,A
Yeh idea kaafi innovative hai.,NA
"Chal bhaag yahan se, samjha?",A
Tumhara kaam bohot professional hai.,NA
Tu bilkul akal se paidal hai.,A
Yeh strategy bohot smart hai.,NA
Tu sirf apni baat manwana chahta hai.,A
Yeh approach bohot systematic hai.,NA
Tujh se behtar koi nahi samajhta is field ko.,NA
Teri soorat dekhne layak nahi.,A
Yeh lecture bohot well-structured tha.,NA
Tu sirf bewakoofi wali baatein karta hai.,A
Tumhara research topic kaafi valuable hai.,NA
Tujhe samajh nahi aati kya?,A
Yeh discussion bohot informative tha.,NA
Chal apni bakwas band kar.,A
Yeh book kaafi insightful hai.,NA
Tera logic bilkul zero hai.,A
Yeh case study bohot well-documented hai.,NA
bhot achy,NA
Good Job,NA
bund mein gaya sheru to chain mein fas gaya bechara paapey,A
Maami ko kuch nhi pta,NA
bond me gaya shero,A
Me B asay he karu gi JB shadi ho jay gii,NA
log itny kosh kasy rhaty han hamre TU tension hi hatm nai hoti,NA
Mujhea ap bhot Pasand ha Allah pak ap ko dunia kia hr Khushi dea ameen,NA
Shahzaib mazrat Asy nhi krty.,NA
match wala faisla Sahi h but roasting wala thk NH Bhai.....q k kch videos asi hoti hn Jin k khilaf koe n bulta ap bulty n..,NA
Yehi wajah hy mera leader ab tak qaed maan nhi raha kisi bhe deal sy,NA
Bhai sardio ki rat b tahajud nhe chorta tha,NA
CHAPRI PRO MAX,A
Are Brooo Pasandida Aurat Milne K Baad Main Banda Chill Ho Jata Hai,NA
jung larni h murwani ni h,NA
Hafiz Sahab dharam dhek k Nahi chodte,A
hun Ae Knjri dassy gi tameez sanu,A
Me to hyran es bat py hun ky yeh uk gie kysy,NA
Bharat ki gand mar den gy,A
Mkc,A
jhot ma bolta ni such ki adat ni,NA
Bhai KAHA hu abhi,NA
sain sanghar me milna heeee apse,NA
Bhai Nawabshah kis Jagh Ruky ho batao Please,NA
Bhai apse ma Milne aoga nawashah ma allalwala chok pa ma daur SE aoga jub ap farikh ho muje reply Karna to ma aoga inbox ma,NA
Yarr ya to yaha he war gaya ager is ke fight shahzaib rind ke sath Hote to Kya HOTA,NA
Haan isko aur iske malik ko hi sabse zyada loota hai modiji ne.,NA
Harami pm modi bhadwa,A
Pheli baat toh mein North Indian nhi hu dusri baat apna kaam kar,NA
Aap to kuch bhi kro acche hi lagte ho,NA
Lgta he jo kal bach gya he Pakistan wo aj raat fatah kr le ga godi media,A
Yar ye drone kaha hai? Do second baad drone uski gaand mein ghos gaya.,A
Phir aagaye AI generated videos lay ka dunya ka samnay zaleel honay?,NA
Phir aagaye AI generated videos lay ka dunya ka samnay zaleel insaan,A
Bc drone mar rhe missile artillery pinak ye sab maro,A
Bhadwe.. teri kisi tweet ki tatti bhar value nahi hai.. sab bakwas jhuuth fake news tweet karta hai!,A
Gandmare apne dimaag ka ilaaj kara le fir homeopath se..,A
Bhut zahreeli bhabhi hai Kasmey,A
"Aur Sath main mentally abuse b ker rhy hoty k majbori ha tumse sex kerna , ",A
Kanjar and khassi army I don’t know why these bastrads checking inside the paints,A
Napak Foj Murdabad,A
Beghairat jhoot bolna band ker.,A
Tu sharm Kar k Pakistan AA ja na,A
Yh army wale haijre hn kia,A
ahahaha behn ka lora qadiyani,A
Shalwar Mey hath agay sey Dala tha ya pichay sey ? Or Bhai ki shalwar Mey Dala tha ya maa ki ? Pls explain,A
Kesa galeez insan he sympathy lene k liye apne ghr walon ki izzat hi dao pr lga di kmine ne,A
Badbaht lanti tu ak certified kuttaor dallal hai,A
Chl laanti ghadar,A
Tum ko kya pta izat kya zilat kya dollars k lye tery Agy in chezo ki kya haseat Hai,NA
Digital deshtgardo ko mantqi anjam tak punchya Jay,A
Hafiz sab Pura tun deo Anna no,NA
Pak fuj zindabad Pakistan payendabad,NA
Sarkar kabi to koi achi news bi media ki zeenat bannay dia karan hamashan negativity,NA
Mujhy iss bat py herani hy k ye camera man uss waqt khra tmasha dekh rhaa thaa,NA
Iss ko gharat na i,NA
Aur jo tamashai han unko juty parny chaiya han sab mil kar khoob maarty us akele na kia kar lena tha,A
Laanat aisy khanzeeron py,A
Iss begherat ko marnay k baad Punjab ki sarzameen bhe naseeb Nahi hogi,A
Jesey apka isteqbaal Kar k khawja Asif k well come ko mitaa Diya tha,NA
content se hut kr baat ko pesh krna ap ka kaam h kuch nhi keh skte ap ko,NA
Ye to khud ghulam ha or buht dor nikal gya ha ghulami men bhe choron ki,A
NAWAB SADIQ ki mehrbani aur pori kaoom bhugat rahi hai aur Talal jaisey dalal ki batein sun rahey hain,A
Beta ab btaty hain tujhy kitny pani mien ho tm,NA
Tum sab loog beesharam aur beegairat hoo. Galaa khool khool kar video banaa rahyee hoo. ,A
bichari ki galtion ki waja se koi usse bola nei rha,NA
gality nae pora lolipop kha gye ha,A
Allah b too maff kr dyta aa naa frr ??,NA
Yeh sary aik hi line main hain bss uska samny agya hai. unke raaz hain,NA
izar or zelat mera ALLAH Deta hi,NA
yr ye kesay logo ko Face kr laiti Ha,NA
Yara mara khud dill bohat auds hoia isi dakh kr,NA
har insan gunegar he har insan khata ka h lekin bas kisi k ayeb samne ajate hn kisi k parde me rehte hn,NA
whan ni jana chaye jahan izzat na ho,NA
Wah kya logic hai is lihaz to Palestinians ko nh isreal ko tasleem kr lena chahea tha kiun k akhir to Palestine tabah he hua ya ilzam hamla war ko nh defender pe dya ka rha hai,NA
bohut shok hai muje boxing ka,NA
wo bnda let ke kia kr ra,NA
os k nahi bro un k education Ke alava akhlaq Bhi honi chahie,NA
is bacha ki hifazt farmya .. warna asa himmt wala insan aksar khahi lash ya gumnam hojta ha,NA
Khc jali nhi he sab bht ahca he,NA
tenu sb tu phla marna chayi da,A
bhai main bhi aesi he panoti hun jis cheez ko seekhti hun scope khtm ho jata hai,NA
samjh nhi ai kia bola bhai ny yrr,NA
mry se bi teacher nan pocha tha kya feature plan ha ma nan kha sahdi ur kya krnan,NA
achi ma'am han aik dafa class li thi ma'am se,NA
bsdk,A
bhen chod tum log,A
mc tum logo ki,A
"Kya be behnchod, har post pe bakwas karta hai",A
Tujh jaise chutiyo ki wajah se hi to mulk barbaad hai,A
Ma sha Allah bohat pyaari baat ki bhai,NA
"Teri maa ka bhosda, chup kar ab",A
Yar bhai dil se dua mil rahi hai aapko,NA
Bhosdike logic se to bandar bhi confuse ho jaye,A
Tameez ka bhi koi level hota hai bhai,NA
Bakchod log har jaga milte hain,A
"Bhai tu to legend nikla yaar, love you",NA
Gaand mara ke aya hai kya? Bakwas band kar,A
"Teri maa ki chut, tu bolta hai logic",A
"Zabardast editing hai bhai, fully impressed",NA
Bhadwe jaise comments chorh raha hai har jaga,A
Teri gaand mein drone ghoos gaya kya?,A
Allah sab ko hidayat de bhai,NA
Chutiya samajh rakha hai kya sab ko?,A
Tum ne real baat bol di dil se,NA
Bhai kis gali ke kutte ho tum?,A
Tu har jagah apni maa behn ki gaaliyon se shine karta hai,A
"Mashallah bhai, ache alfaaz thay",NA
Bhenchod dimagh ka ilaaj karwa le,A
Tum ne to dil khush kar dia bhai,NA
Itni gaand phati hui baat pe comment kar raha hai?,A
"Bhai full support, sach bol dia",NA
Haramzade jaise log hi trolling karte hain,A
Aapke alfaaz bohat asar karte hain,NA
Tu jahan jaata hai lanat hi chhor ke aata hai,A
"Love the positivity bhai, keep going",NA
Gaali ke bagair baat nahi karta tu?,NA
Zindagi mein kabhi bhi negative mat sochna,NA
Teri maa ki chut mein akal dal ke aya hai kya tu,A
"Yeh video bohat informative thi, dil khush ho gaya",NA
Behnchod har post pe bakwas ka thela khol deta hai,A
"Mashallah bhai, Allah kamyabi de hamesha",NA
Tere baap ka lund bhi sharmaye itni bakwas pe,A
"Real talk bhai, respect for you always",NA
Gaand mein dasti ho gayi lagta hai tujhe,A
Bhai dil se dua nikalti hai tumhare liye,NA
Tum jaise harami logon ki wajah se hi mulk dooba hai,A
"Yeh line bohat strong thi, samajh gaye bhai",NA
Teri maa ki chut ka GPS mila tujhe?,A
Wah bhai kya baat boli hai aap ne,NA
Bhosdi ke dimagh ghar pe chhor ke aaya hai kya?,A
Tumhara andaz bolne ka alag aur behtareen hai,NA
Gaand mein mirch lag gayi kya comment deke?,A
Yeh video dekh ke motivation mila,NA
Tu to chutiya ka baap nikla be,A
Bhai logon ka confidence barhane wali post thi,NA
Teri maa ka lund teri akal se zyada kaam karta hai,A
"Sahi kaha bhai, society ko samajhne ki zarurat hai",NA
Madarchod har jagah bakwaas karna zaruri hai kya?,A
Aapki soch bohat inspiring hai,NA
Chutiyon wali harkatein mat kar har waqt,A
Apka calm tone sun ke sukoon mila,NA
Gaand fat gayi tujhe sach sun ke?,A
"Nice editing bro, maza aaya dekh ke",NA
Teri behn ki chut ka content viral kar raha hai tu,A
Tumhara message bohat asardar hai bhai,NA
Beghairat insan kisi ki izzat nahi karta,A
Sabr aur shukr wali baat dil tak lagi,NA
Teri maa ki chut mein dhoop lag rahi hai kya?,A
Positivity failana sab se bara kaam hai,NA
Lund chusne ke liye aaya hai kya comments mein?,A
"Kya baat hai bhai, sach bol dia",NA
Bhosdike apna munh bandh rakh kabhi,A
"Mashallah bhai, respect for your mindset",NA
"Tu to kutta bhi nahi, kutte ka peshaab hai",A
Zindagi ki yeh baat bohat gehri thi,NA
Maa behn ek kar ke aata hai har jagah,A
Bhai appreciate karta hoon main aapko,NA
Teri gaand mein saman daal ke bol raha hai tu?,A
Support milta hai jab aise log sach bolte hain,NA
Bhenchod logic ka loda banake firta hai,A
Aap jese logon ki zarurat hai society mein,NA
Tere jaise madarchod sab kuch barbad kar dete hain,A
"True words bro, needed this today",NA
Apne lund se likh raha hai kya tu yeh sab?,A
"Good vibes only bhai, proud of you",NA
Tujhe to gaand chaatne ke alawa kuch aata nahi,A
Video ka har lafz heart touch tha,NA
Teri maa ke chut ka status update de raha hai kya?,A
Yeh message mindset change kar deta hai,NA
Tere jaise harami paida hone hi nahi chahiyein,A
Simplicity mein bhi elegance hoti hai bro,NA
Bhenchod ne content viral karne ke liye nanga ho gaya,A
Tera calm reply bohat ache se samjhaya sab kuch,NA
Gaand marao fir bolta hai sach bola,A
"Dil se keh raha hoon, bohat ache ho tum",NA
Tu to lund ka jhaag hai society ka,A
"Zabardast effort tha bhai, appreciate karta hoon",NA
Teri maa ki chut ka screenshot bhej raha hai kya?,A
"Thank you bhai, is post ne ankhain khol di",NA
Behnchod tujhmein tameez naam ki cheez nahi,A
Tumhari soch ne dil jeet liya,NA
Maa ki chut pe baith ke internet chalata hai kya tu?,A
Khushi hui ye dekh ke kisi ne finally ye bola,NA
Tere jaise lund choosne wale har platform pe hote hain,A
Aapke alfaz asar karte hain,NA
Bhai tu to gaand mein mirchi daal ke aaya hai lagta hai,A
Dil chhune wali baat kahi bhai ne,NA
Tu lund ki photo pe debate kar raha hai kya?,A
"Real and raw content, appreciate karta hoon",NA
Abey chutiye ye indian army ka hai har jagah chatna chalu mat krdiya kro sharam to kara kr yaha bhi neta neta khel rha hai,A
Chutiye tab nuclear weapons nhi hote the dono ke pass...aj ke time ki war me ham jeet to jaate but nuksan hamara bhi hota,A
Thok na kha gyi tumari musala foj kha hai Asim munir aa rhe hai Rawalpindi sale porkis,A
"Jeet toh jate? Itne nuclear capability hai dono countries el dusre ko 3 bar khatam Kar dete. Koi nhe jeetta. wo zamana Gaya jab jung jeeti jati thi, ab sirf annihilation hoti hai.",NA
Ja tatti kr khaiton mai bsdk. Lol laashe bichengi,A
Phla Indian dekha jo educated lga hai,NA
Ye manhoos vote hasil Karn K lia war cheerta h sala kanjar,A
Bina rafale and s400 ke Bangladesh banaya tha indira jee ne,NA
Are beti chod,A
Kam se kam spelling to dhek leta,NA
Tu log ek hi tweet ko different different account se send kar raha ha,NA
Aba ke taraf se jo sms aa raha hai wahi send kar de raha hai,NA
"abey pagal hai kya, nuclear tak baat pahunch gyi thi dono desh khatam ho jate, ab hum develpment pe focus kar payegnge shanti se",A
Bangladesh banane ka fyda bhi kyq hua udhar bhi hindus 2 percent rah gye,NA
Abey padhai kar leta. Jo muh me aaya bas likh diya. Aur likh to aise raha h jaise tere is narrative se kuch farq padega. Nunnu,A
humara target unke terrorist camps the hamne unko destroy kiya,NA
"Ek jamaney mein ek insan bolatha ""Assam ki galiyan suni hey, Indira Gandhi khuni h""",A
Jitne bhi tode vo aaj aankh dikhaa rahe hai..kyaa faydaa aisaa todaa uskaa,NA
Bangalesh create kr ke bhi BKL india mai aare hai,A
Yahi pta chal jata hai operation baniyan ka k liye koi footage bhi nahi hai 2 missile fire k video dal diye,NA
Tere man ke chut bhain loray matar chod gand men lun de de banda tere chutiya Supreme ,A
Haan bas India hi accept nhi kare ga,NA
Are Teri gaand me dum hy tho proof dikane ke liye bolo madarchod,A
"Muzic to haram hai, nachna bhi haram hai , as per ola",NA
Bc fake narratives se economy nahi chalti Bhikhari log! Pehle khana pani ka intezam kro,A
O dhamal Pao dhamal,NA
BSDK… tumhari govt kee phati padi hai. Saari artillery India border pe move kar rahe hain. Aur tu yaha gyaan pel raha hai.,A
Abe ye coaching center hai ‘Indore physical academy’ ka search kr le google par…advertisement hai bs,NA
Yeh bhadwa jab b india aagye iski maa chod dena indians,A
Coching centre ka hai,NA
Chup chaman chutiya,A
Indor physical academy,NA
Are chutiya teko reporter kn bna diya .indore physical academy ka video hai ye .,A
"Jab paise pe baat ati hai to, hum modi ji ki na sune. Aajkal patriotism ki misal to wahi hain na  desh me",NA
PAKISTAN KI MKC,A
"Laaton ke bhoot, baaton se nahi maante.",NA
Gandu porkistan,A
astaghfar ese dardnaak moth Allah pak Kisi dushman ko bi na dy Ameen,NA
maa chod diye inki,A
apny parents k sth ku nai rehti thi,NA
Maa ki chuut Bhai ab aur kitne din rukna hai,A
jab sy news suny h dil bht preshan h raat ko so nai sky parents pata nai kesy h,NA
Suaro ki kami nahi hai,A
"ALLAH Pak USKi maghfirat farmaye, hum bhi Kisi din aisy hee kisi kamry SE milengy insha'ALLAH",NA
Aman ki asha ki MKB,A
Allah na kre bro ase nhi bolo Allah se shahadad wali muot mango bro,NA
Are bhai thoda sa chutiya ho kya,A
shukar hai koi aisa star b hai jo gairat mund b hai,NA
Tu thoda sa bkl hai kya,A
isne khud line khenchi hgi ke kya aur kitna krna hai.,NA
Are benchod iski joining hui hai Army me isliye khusi se ro raha.,A
India jab gay tha tab parda kaha gaya tha,NA
Bhag madachod fake video,A
bas asa waqt na Aya kisi par Meri waja sa is liya hi peecha hon is SBA sa,NA
Bhen chod beghairat hukumat ka kaam yehe hea,A
apki life ma hai koi asa ?,NA
Bhi phoddi ka tarsa hova,A
achi bat hai kabhi b apni khushiya dosry insan pe depend nahin karna,NA
Bc butt,A
es vedio ko deakh kr mujy rona a gya,NA
"IMRAN charay chan Tay,  foj Meray lan Tay",A
mery wala bhi aisa he h,NA
O bai any do on ko zra ..ye pkistan hy ..bai ..yhan srf ..pak Army baki Kosh nhi ..in sha Allah,NA
bro Yarra ap ki voice hadd ha bro Allah na ap ko Buhat pyari awaz is lia b de ha ka ap buhat acchi batty karty hu Islamic.,NA
goldsmith k nawasey b Hein. Tum logo ne bathroom se bahir ni nikalna,A
bhai aapki awaaz sunkar mujhe Rona a jata hai,NA
ab Hoga mout Ka khel,NA
YE TOH honna parta hai Jab ham. apne hisse k burai ko pella tai hain dunya main,NA
gg me b nhi thi us time warna me nawaz sahrif ko batati,NA
shoib akhtar hota ziyda Chas ati,NA
Bhen chod beghairat hukumat ka kaam yehe hea,A
Yar wahab raiz ny isko out kr diya tha catch drop kr diya tha rat ali ny mny ya match live dakha tha,NA
bhaiii nu labb k dawo koii bhaii tarsyaa pyaa jyy,NA
uffffffffffffffffff Yara ya match dobra yad ageya ha ab dobra match kahln Ka Dil Kar Raha ha,NA
Bhi phoddi ka tarsa hova,A
ak bgrt pichy Hans Raha pakr koi ni Raha alhamdulilah kabhi Apne Walid ko ayse nhi kaha,NA
mainy 5 saal laga kar D pharmacy ki hy aur abu kehty hain phakiyan banata hy,NA
Yamal ka ballon d'or chud gaya,A
milta sab ko he but jis k bap ne hlal khilaya ho wo hram nai khata,NA
defense tou chud e gaya,A
Teri shakal dekh ke to dard ho jata hai.,A
"Wah, tumhari baat samajh mein aayi.",NA
"Chal bhaag yahan se, samjha?",NA
Tumne to bohot ache se explain kiya.,NA
Tu to bilkul hi pagal nikla.,A
Aapki baat se himmat mili.,NA
Tera dimaag ghutno mein hai kya?,A
Mujhe aapka approach pasand aaya.,NA
Tujh jaisa bewakoof maine nahi dekha.,A
Tumhara perspective logical hai.,NA
Apni bakwas band kar aur nikal.,A
Tumhara idea kaafi unique hai.,NA
"Dimagh ka ilaaj karwa le, zarurat hai.",A
Aapki soch bohot constructive hai.,NA
Teri harkat dekh kar hasi bhi aayi aur gussa bhi.,A
Aapki guidance ne help ki.,NA
Tu hamesha fazool bakta rehta hai.,A
Aapka message inspiring tha.,NA
Tujhe samajh nahi aati kya baar baar?,NA
Zabardast explanation tha.,NA
Tera logic sun kar dard ho gaya.,NA
Yeh learning experience acha laga.,NA
Chal nikal warna gaali niklegi.,NA
Tumhara feedback valuable tha.,NA
"Behn ke lode, har baat mein tang adata hai.",A
Mujhe aapka tone calm laga.,NA
Teri soorat dekh ke lagta hai dard hi dard.,A
Aapki honesty achi lagi.,NA
Tu har waqt negativity failata hai.,NA
"Wah bhai, mazay ka content hai.",NA
Teri bakwas ki had hoti hai.,A
Tum bohot understanding ho.,NA
Tu sirf lafzon ka dukan hai.,NA
Tumhara content hamesha positive hota hai.,NA
Tu pagal khane ka case hai.,A
"Great effort, really appreciated.",NA
Tujhse zyada illogical koi nahi.,NA
Good job on this!,NA
Bakwas band kar warna block karunga.,A
Mujhe tumse agree karne ka mann hua.,NA
Teri har baat mein zeher bhara hai.,A
Very motivating explanation.,NA
Tu to bas sabka dimaag khata hai.,A
Tumhari thinking kaafi progressive hai.,NA
Bakwaas ka bhandar hai tu.,A
Liked your way of explaining.,NA
Tujh jaisa cheap banda nahi dekha.,A
Tumhara tareeqa samajhne layak tha.,NA
Tera muh band rakhna chahiye tha.,NA
Tum bohot polite ho.,NA
Tujhse achi to AI hai.,NA
Nice way to break it down.,NA
Teri harkat se bas gussa aata hai.,NA
Tumhari explanation kaafi clear thi.,NA
Chup kar ja gawar.,A
Mujhe learning ka maza aya.,NA
Dimagh ka reset button chahiye tujhe.,NA
Tumne bohot achha tareeqa bataya.,NA
Tu logic ki maa behn kar deta hai.,A
Aapka idea ne vision diya.,NA
Tujhe to sharam bhi nahi aati.,A
"Wah, simple and useful.",NA
Tu sirf bakwas machine hai.,A
Samajhne mein asani hui.,NA
"Beghairat insaan, tameez seekh.",A
Presentation bohot clear thi.,NA
Mujhe tujhe dekh ke chakkar aata hai.,NA
Insightful message tha.,NA
Teri baatein sun ke dimagh sard gaya.,A
Good balance between examples.,NA
Kya hi chutiya explanation di tu ne.,A
Helpful content as always.,NA
Tu har waqt negativity mein rehta hai.,A
Aapke words motivate karte hain.,NA
"Bas kar ab, dimagh phat gaya.",NA
Simple aur impactful baat thi.,NA
Teri soorat se negativity tapakti hai.,A
Appreciate the effort.,NA
"Chal nikal, warna block kar dunga.",A
Tumhara tareeqa inspiring hai.,NA
Tujhe dekh ke frustration hoti hai.,A
Tumne clarity se bataya.,NA
Tu logic ka dushman hai.,NA
Keep up the good work.,NA
Tujhse baat karke depression ho gaya.,NA
I learned something new today.,NA
Dimagh mat kharab kar aur ja.,A
Tumhara content quality wala tha.,NA
Behnchod ka logic leke aya hai tu?,A
The examples made it easy.,NA
Tere jaise log sab kuch barbad karte hain.,A
Tumne clearly sab samjhaya.,NA
Tu frustration ka live demo hai.,A
Loved how simple you kept it.,NA
Tere muh se sirf bakwas nikalti hai.,A
Very understandable explanation.,NA
Tu to chalta phirta sarcasm hai.,NA
Itna clear pehli baar samjha.,NA
Tera dimaag damage hai kya?,A
Bohot hi structured tareeqa tha.,NA
"Bakwas mat kar, chup reh.",A
Tumhara point logical tha.,NA
Tujh se bada bewakoof nahi dekha.,A
Bohot productive response tha.,NA
Apni gaaliyan apne paas rakh.,NA
Tumhara vision samajh aaya.,NA
Teri negative vibes se sar dard hota hai.,A
Loved the simplicity of words.,NA
Tu sirf tang karne ke liye aya hai.,Na
Aapka tone bohot calm tha.,NA
Tera presence hi depressing hai.,A
Very thoughtful point.,NA
Tu zinda example hai bewaqoofi ka.,A
Really enjoyed your explanation.,NA
Tujh jaise logon ki wajah se society kharaab hai.,A
"Thanks, I learned a lot.",NA
Tera jawab chutiyaapan tha.,A
Tareeqa samajh mein aaya.,NA
Tere comments zehr hain.,A
Nice explanation and language.,NA
Tu logic se door ka rishta bhi nahi rakhta.,NA
Appreciated your thoughtful response.,NA
Bakwas ke alawa kuch nahi aata tujhe.,A
Bohot useful information thi.,NA
to begarit chup kar nikal,A
ja ja ab aya to bhosdi ki ander lan do ga,A
bhi ya video bhot uper jay gi,NA
kia bat hoi aj tuny muth nahi mari,A
muth mar mar kar pagal ho chuka hay to,A
meray dost sab say achy hay ,NA
aj chaltay hay paharo ma chal ajo sab,NA
aby ek begarit bar bar gand ma ungli kar raha hay,A
ungli na kar,NA
pura hath dey do ga chutar ma ,A
or suna kal bara acha din guzra,NA
yar aj mam nay bhot tareef ki mari,NA
ma tum say piyar karta ho ,NA
Chaye piyo taake tension na ho,NA
Baty e krogy ya jang bhi krogy.,NA
Laant ho ap pe,A
Oooooooh achhhhhha,NA
Tea is fantastic,NA
Gaye ka mootar peenay walay khaak muqabla karain ge,A
Pakistan zindabad,NA
Jang takat se lari jati ha,A
Ensa Alla,NA
Pakistan ka pass ek Allah and Muhammad s.a.w.sath ha Allah Muhammad humera sath ha,NA
Agar jung chidi to tum isko cover karne ke liye bachoge hi nahi khunki Indian army kehte hain humein.,NA
Islam zinda Pakistan zindabad Pak fauj zindabad,NA
Pakistan zindabad,NA
"Kuti ke bachay phir bhi apne maalik ke wafadaar hotay hain, yeh youthiye pata nahi kis ke bachay hain",A
Yeh hain woh nojawan youthiye jo kaha karte thay: meri ammi Khan se shadi karna chahti hai aur mere abu ko koi aitraaz nahi,A
"Fauj ki misaal us nakaara uzoo jaisi ho chuki hai jise ab josh aana band ho chuka, ise chaahe haath se sehlaate raho, yeh phir bhi neend se bedaar nahi hota",NA
fitna murda bad,A
"Tum log sare khusry ho, mard sirf aik hai jo Adiala jail mein hai",A
ghalazat par palne walay keeray,A
Pak fauj zindabad,NA
Sadiq jaan Imran Khan rapsi (bankruptcy) ke baad nai niche ki talash mein sargardan,NA
"Qab bayan aaya agar aayega to woh India ka support kar raha hoga, jitne bhi yeh youthiology hai yeh sab Pakistan ke khilaf hai",A
PTI baghairat party hai Pakistan ke dushman hain,A
"Aap jaise bohat bakwas karte hain, aap bhi bhonkte raho koi farq nahi parta",A
Nacha wali da puttar howe ta jhoota na howe ae ho nahi sakda,A
Khan sahab Pakistan gand daalnay wale fitnay ki manind hai,A
"Koi hamla nahi ho ga, sab propaganda hai",NA
Chor Imran Khan,A
Pak Army zindabad,NA
Jhoot bayan na kiya karo yeh to naam hi jhoot ke hain,A
Imrani fitna murda bad,A
"PSL ka match Lahore Wagah border ke paas chal raha hai, India mein IPL chal raha, aur KP mein jang ke siren baj rahe hain. Ajeeb drama hai",NA
Tosha khana chor family,A
General Asim Muneer zindabad,NA
Bakwas,A
Leader jab giraftar ho jaye to uski rihaai poori qoum ki zimmedari hoti hai,NA
Jhooton ka IG... jhoot bol bol kar nahoosat tapak rahi hai,A
Kuch log jang ki aadh mein apne choron ki rihaai ki ummed kiye baithe hain. Yeh armaan hi rehna hai,A
Pakistan woh jang kabhi nahi laday ga jiska markaz Punjab ho,NA
Tere baap Niazi ne jail mein bhi bund marwa li hai,A
Gashti ke bachay,A
"Laaanat Imran Yahoodi par, Pakistan ko barbaad kar diya lanti insaan ne",A
Jooth ka palanda ho tum,A
Sab bkhwas kar raha tu haraami koi to dhang ki baat kar liya karo,A
"Natchan waliyan de puttar azaadi di jang nahi lad sakde, kaali kuti ke bachay tum log India ki god mein Pakistan pe bhonkte ho",A
jese beghairat sahafi Imraniya Qadiyani fitna ka hissa hain,A
Ganda lifafa Imrando tum khud Pakistan dushman quwaton ka tatto taira ghulam ho Sadiq Jaan,A
"Gashti ke bachay harami youthiye, jhoot aur bakwas",A
"Tere jaisa kutta bhi tajziya nigaron mein shamil hai, afsos hi kiya ja sakta hai",A
Ya kuti ka bacha Sadiq Jaan jhoota tareen admi hai,A
Ro Imran ro... ab tum logon ko Nawaz ki chup rula rahi hai. Maaro cheekhain jitni maar saktay ho,A
"Tere bhan ka masla hai, Mian ko khamosh rehne de, chunga daddi chut se khanay wale mirzai",A
Is haraami newlay ki bhi sun lo,A
", kitni sharam ki baat apne aap ko Pakistani kehlatay ho aur zubaan India ki bolte ho, doob ke marja ",A
Sadiq Lilly teri kon sunta hai beghairat,A
Imran Khan ka tweet 4.5 million cross karne par Bharat ne Imran Khan ke accounts ban kar diye,NA
Jin ka wazir-e-azam aaj bhi Imran Khan hai woh haazri lagwaen,NA
Only Imran khan,NA
Imran Khan zindabad,NA
I love khan sahb i love you pti,NA
Imran Khan,NA
Imran Khan bhoot acha aadmy ha yar,NA
Imran Khan ,NA
only imran khan,NA
"Khan sahib waheed hal hai Pakistan ka, is ujray chaman ko Khan sahib sanwarein gay",NA
Imran Khan great leader,NA
Imran Khan is great leader,NA
Khan saab,NA
Nice sir jee,NA
Aj Pakistan aawam ki dil ki baat kya,NA
Lab u Iqrar bhai,NA
Imran Khan ,NA
Love you Khan sab,NA
"Yehi wo Khan hai jiska naam Imran Khan hai, Pakistan ki shaan hai, Muslim Ummah ki jaan hai, InshaAllah agli wari Khan ki aur ta-hayaat Khan hoga",NA
Is ko aj samajh aayi hai Imran Khan zaroori hai,NA
Sirf Imran Khan,NA
Khan is a leader ,NA
Only Imran khan,NA
"Imran Khan ka koi sani nahi, Khan president hota to aaj Falasteen ke liye mazboot awaaz sabit hota",NA
I love Imran Khan ,NA
Imran Khan,NA
Aap Imran Khan ke bohot khilaf thay... aaj aapko bhi ehsaas hua ke Imran Khan ke baghair sab na-mukammal hai,NA
Only Imran Khan,NA
Jiwaay piya Iqrar ul Hassan sain ??????,NA
Hum Khan ke ilawa kisi ki shakal dekhne ke bhi rawadaar nahi... Khan mulk ke liye musbat sochta hai...,NA
Murshid ne kaha tha ke main kursi se utar kar aur khatarnak ho jaunga lekin wohi hua jo mere Kaptaan ne,NA
Qeedi number 804 ke baghair mulk aagay nahi barh sakta Pakistan zindabad Imran Khan paindabad,NA
Main ek aam Pakistani hoon... 40 saal mein mujhe Imran Khan se behtar leader nahi mila,NA
Mulk ko Imran Khan ki zarurat hai. Hamari fouj se bhi guzarish hai ke woh Imran Khan ka saath de,NA
Only Imran Khan,NA
Imran Khan imaandaar ghairatmand leader hai... is waqt Pakistan ke liye best choice hai,NA
"Muslim League N aur PPP bohot corrupt jamatein hain, hum unko har vote nahi dein gay",NA
"Hamari to khwahish hai ke Nawaz, Zardari, Imran sab ko ek field mein utara jaye aur clean elections karayein",NA
"Kisi surat bhi nahi kar sakte, yeh chor hain yeh Model Town ke shaheedon ke qatil hain",A
Only Imran Khan,NA
Imran Khan nahi to kuch bhi nahi. Agar Imran Khan ko election se bahar rakha gaya to yeh Pakistan aur awam par zulm hoga,NA
The one and only Mr Imran Khan SAB ,NA
Kon bachaye ga Pakistan ,NA
Love you Murshad,NA
IMRAN KHAN SAHIB ,NA
One man army Imran Khan,NA
Only Imran Khan,NA
Only Imran Khan,NA
Es qoom abhi bhi aqal nahi aayi,NA
Imran Khan zindabad,NA
"Imran Khan zindabad, best leader, imaandaar leader",NA
Imran Khan,NA
Nawaz Sharif jese hi mulk mein aaye ga isay maar diya jaye ga,A
"Sirf aur sirf Imran Khan chahiye, baaqi sab ghulaam hain ",NA
Captan ,NA
Murshid ki mojooda dor mein Pakistan ke liye ashad zarurat hai... Love you PM Imran Khan ,NA
Khan zindabad,NA
Only Imran Khan ,NA
Only Imran Khan,NA
Shehzada bhi bohot shukriya apka ap ne sach bola ,NA
Khan,NA
Imran Khan qoum ka wazir-e-azam hai,NA
"Main haq ke saath khara hoon, naamus-e-risalat ke pehredar ke saath khara hoon, Imran Khan ke saath khara hoon",NA
Pakistan ko is daldal se nikaalne ka waheed hal Imran Khan ko dobara lana hai,NA
"Pakistan ne Imran Khan ki qadr nahi ki, ",NA
Ab aaya oont pahaar ke neeche ,NA
"Cases end karne ke liye aaye thay woh bhi nahi huay, ulta renew ho gaye",NA
Ghadar army,A 
Toon jeeven Maryam,NA  
"Imran Khan ko bhi chahiye keh jo us ne 250 dam, 4 arab darakht, aur 50 lakh ghar banaye hain un ko apne naam se mansoob kar de.. phir N-League se takkar ka muqabla hoga",NA  
Neha Malik cm sahiba allah ka wasta hai chingchi raksha band krwa den please,NA
Nawaz Sharif naam rakhna zaruri tha,NA
Tehra inj da istaqbaal hosi,NA  
Mashallah.Great Leader.congratulation,NA  
MaashaAllah ,NA  
MaashaAllah ,NA  
Well done mashallah,NA  
Azaad Kashmir se dheron duayein aap sab ke liye jo awam ke tax ke paisay awam par kharch kar rahe hain shukriya Nawaz Sharif shukriya Muslim League N,NA  
Pindi ki awam ke liye aap ki lajawab muhabbaton aur tohfoun ka shukriya,NA  
Mian sahab Nawaz Sharif sahab aap ki hukoomat mein log khudkushiyan karne lage hain aur Pakistan mein tareekh ki sabse zyada ghurbat hai...,A  
Shukriya Nawaz Sharif bohat hi bara project diya warna sadar se kacheri chowk jana azaab tha,NA  
"Jitne marzi flyover bana lein ration card taqseem kar lein, chat ki farahmi kar dein... agar bijli, gas, petrol sasti nahi karenge to vote nahi milega",NA
Wah nannay 420 wah,NA
Sharam karo,A  
Pul ka naam Nawaz Sharif ke naam se aise mansoob kiya hai jaise baap ne paise diye hon,A  
Psychopath. Awami tax se bani cheezon se apne khandan ki tasveer jari,A  
Tu jeeven Maryam,NA  
Itni barhi gariyon mein sirf iftitah ke liye aa rahi hain? Awam ke paison ko paani ki tarah baha rahe ho,NA
Is par lagne wala paisa awam ka tu naam bhi awam ki marzi se pooch kar rakhna chahiye,NA
"Nasha khatam karein, nasha karne walon ko khatam mat karein khuda ka azaab or maan ki bad-duayein mat lein",A  
"Ye kaam chalta rahe ga, 200 unit wala masla hal karein",NA
Na ahel tik toker nani,NA
"Sirf pul bana kar khush, awam ko bewaqoof mat bano. Pura Adyala road kharab hai sirf Askari 14 ko khushi hai",NA 
Ab to wada poora karein teen so unit tak free wala wada,NA  
Please khuda k liye band karein ye zulm gribon ka bhala nahi kar sakti un ko zindagi nahi de sakti to maut bhi mat dein,NA
Suleman Mirza Paisa Awam ka name Abay ka,NA
Yasin Wahab Kithni osam hy yar,NA
Madni Mehmood Laang Bahut khoob,NA
Zaheer Khokhar Mashallah,NA
Raja Atif Mash Allah great work,NA
Abdullah Khalid That's good but what about Faisalabad!!!,NA
Umair Sharif MashAllah CM punjab zindabad Umair Sharif Ansari vice-president social media team city fsd,NA
Akhtar Nawaz Well done,NA
Nafees Ahmad Next PM IS Mian Muhammad Nawaz Sharif Excellent work MashaAllah,NA
Ramiz Raja Yia apny paiso sey banaya k shukriya ada kr rahy ho awy jahilo yia tumhry khoon sey nekalta hy,A
Tanveer Akhtar Sheikh Great leader,NA
Rozi Khan Pakistan ka name change kr ka sharifistan rk dn,A
Umair Sadiq Congratulations,NA
Rizwan Riaz paisa hmra ha name apna e rakhi jao,NA
Siraj Ihsas Lawanday,A
Habib Ullah Lewal Well done,NA
Hamza Mazhar Chor,A
Umair Sheikh Jis ko awam nay reject kerdia usko bilawaja form 47 ki tarah tashreeh ker kay zinda rakha ja ,NA
Mian Saadat Well done,NA
Raja Adeel Dhaniyal mashAllah,NA
Adnan Khan In Sha Allah KHAN IS BACK We're Stand With KHAN With The Last Ball,NA
As Khwaja Yar shehar ka name bhi likhne ki takleef kar lia kro,NA
Imtiaz Abbasi God bless you Great leader,NA
Sajjad Khan Amazing,NA
Zubair Yousaf Aslam o alikum madam g mujhy job dy dy main bhot preshan hun plz plz madam rent ka ghar hai 2 bachy hain halat bhot preshan hain main multan sy hun madam plz,NA
Usman Riaz Ch Pakistan mn sa guns b khtam karwa dee pls,NA
Zohaib Shah Pmln zindabad,NA
Muhammad Umar Bohat khoob waisay is ki funding jis nay ki hai us kay name par pull ka name rakhna chahiye,NA
Amir Hameed Afsos ho rha hai patwario py tm logo kay paisy se apne nam ki takhtiya laga rahy hen ye chor or patwari khushiya mana rahy hen g boht kam horha hai,A
Raja Rehman Congratulations,NA
Sarwar Shad Congratulations,NA
Malak Furqan Khan Zindabad,NA
Chand Safdar Congratulations,NA
Bakhtiar Aslam Good work pMLn,NA
Jugnu Lighting,NA
Adil Ahmed Mashallah,NA
Ashraf Shah Well Done.,NA
Mujahid Nazir Well DON MARYAM NAWAZ SHARIF,NA
Malik Ramzan Great leader,NA
Abdul Majid Ji well done Please tarnol Fateh jung road ka kuch kr dain please both zida toot phoot ka Shakar ha heavy traffic ki waja sy aur accident bi boht zida ho ty hain please again request ha tarnol Fateh jung road kuch kr dain,NA
Umaira Nawaz Where is this fly over opening done i nean locations,NA
Rauf Azam V.nice...Real hero of Pakistan,NA
Anees Haneef Well done cm Maryam nawaz,NA
Malik Mehboob Hussain Great work,NA
Ali Niaz Sahu Masha Allah excellent,NA
Ziaurehman Ziaurehman MashaAllah the great leader maryum Nawaz,NA
Yasir Malik Mash Allah,NA
Amjad IK Nawaz Sharif flavor & Mariyam Nawaz tunnel,NA
Usama Abbasi Ma Sha Allah Great Job CM Punjab Very Well done,NA
"Rabia Peerzada Mujhay loan chahiye mam, karobar kay liyay.",NA
Ali Chaudhary Apna name Sy sub wa,NA
Tahir Abbasi Good job,NA
Naseer Ahmed Great job Well done,NA
Kashif Nisar maryam aap ne samjha diya hai cm kaisa hota hai har kaam per aap ki nazar hai chahe woh scholarships hon suthra punjab ho ccd department ho sarkain hon hospital hon aap itna kaam kaisey ker leti hain god bless you hamari piyari cm,NA
Mubariz Khan Masha Allah well done CM punjab Maryam Nawaz Sharif Sahibah.,NA
Zeeshan Ali Achi baat ha banwaya apnay. Lekin zarori nahe har cheez ap log apnay khandan k naam pe hi banwae.,NA
Tallat Hussain Good government Punjab Good cm Maryam Nawaz Sharif Love from Sindh,NA
Amir Malik Mashallah,NA
Muhammad Hamza Saeed Butt Maryam Nawaz Sharif AP sy guzarish ha k Imran Khan ko jail ma ak 100 inch ki led Laga k dain or abi tak jitny b project completed han or Jo chal rahy hn un ki videos 18 hours Chali Jain jis ki waja sy is ka BP high rahy or jail ma hi suta Soo jay,NA
Zahid Majeed Great Great Great Umeed e Sehar Maryam Nawaz Sharif,NA
Mohsin Butt Pakistan ka name change kr ky islami jomhria maryam nawaz rakh do please,NA
Rana Noor Good mashaAllah,NA
Muhammad Ashraf Ashraf Maryam NAWAZ Unbeaten,NA
Abbas Joyia Mashallah,NA
Jaam Saif Mashallah,NA
Raja Zeeshan Bhoat Khoob,NA
Ch Abaidullah Jutt How much you take from this project,NA
Sadaqat Sdaqt Super,NA
Rj Rathore Ha to dahi he na Jande pe chand hone me Or Chamd pe jhanda hone me Okaat ka far he,NA
Afzaal Mona,NA
Suman Subho Chand pe jhanda jande pe Chand fark to hai,NA
Shahnaz Khan Proud krna h is baat pe,NA
Subham Biswas Chand mein jhanda hona aur jhande mein chand hone mein jamin asman ka farak aur aukat hota hain,NA
Aliza Mansoori Oooooooo,NA
Sara Shahid Whataaay Reply,NA
ali bhi kasy ho,NA
Trg Good,NA
H?s??? M?????,NA
Ahsan Ali Behan Ye baat he to India wale sahi khete he Jo ye keheraha he os se ye baat sabet Hoti he ke akal se bens bari Hoti he,NA
Biju P YE HAI MADRASA CHAAP SOCH. BAS AISE HI NASHE KARTE RAHO,A
Ashwini Pendare,NA
Hafiz Ikrash Shah Pakistan zindabad,NA
kya bath karta haa yea chand mein pauchna or selai karke flag bana lene mein beta bohot antar haa samjha,NA
Bisharat Ali Golo Excellent reply Love Pakistan,NA
Bishwajit Das,NA
Asad Ali,A
Sheikh Asad Asad,NA
KaShif Qamar Arain Ohhhhh My God .what a great answer,NA
Ataullah Jaanisar Great answer,NA
Rustam Ali Allhamdulila Muslim good answer proud of the Muslim,NA
Nishant Singh Education is crime in pakistan,A
Sa King Dia Good,NA
asa to nahi hota ,NA
Dia Fatima,NA
M Ghafoor Veri good,NA
Suraj Yadav that's so funny!,NA
Gumnam Shazadi,NA
Kamrankhan Kamrankhan Good,NA
Imran Ramzan Good,NA
Aleha Adnan Right,NA
Nayyab Khan Excellent reply,NA
Asmatullah Malik La Ilaha Illallah Muhammadur Rasoolullah,NA
Daniyal Ansari Vari good,NA
Saddamhussain Mallah Good,NA
Amitsing Rajput Chand pe zanda hona aur zande par chand hone me farak hai sale nalle,A
Amir Baloch,NA
Raja Raheel,NA
Hashir Hashir,NA
"Joymalya Mondal Aur tere baap dada marne ka badh usi tare main ghus jata hoga jo tere jhande main hain? Mtlb kuch bhe yrrrr, anpae gawar log ho tum log",A
Tanwir Ahmad Good,NA
Talha Tahir FaNtaStiC,NA
Malik Ikram Malik Ikram,NA
nikal bhi to idr say ,NA
Navi Pareek Ooo bhaiii kya bta diya,NA
Rab Nawaz Rab Nawaz,NA
Annie Tajri,NA
Taha Khan Syed Hashir Imam S M Abdullah Manzar,NA
Abrar Ali Nice bro,NA
Sania Muskan Fatima Fatima,NA
Amjad Mayo Amjad Mayo Nice bro,NA
Amjad Mayo Amjad Mayo,NA
Mujhaid Jamshed Bat to sai ha,NA
Keh k leli teri ,A
Na kar,NA
Nice answer bro,NA
Oooo waoooooooo,NA
Pakistan zindabad,NA
Jalwa h humra,NA
Maza aa gya,NA
Jalwa hai hamara,NA
level ha hmra,NA
Grib wali soch baat,A
Zabardast,NA
Zindabad,NA
sahe bola ha bro,NA
JALWA HA HAMARA,NA
Yarrrr sch me phat gayi he indea ii,A
Allhamdulliha Pakistani ha hum,NA
Mashallah,NA
Jhanda chand pe hona or jande pe chand hona aukat ka farq he,Na
Tum log jhande pe hi chand laga sakte ho,NA
Chand ka to pata nahi lekin india ka jhanda humare Lun pe laga howa hai,A
Chand pe zanda aur zande pe chand lagana zameen aasman ka farq he,NA
Bhai tension na lein unka jhanda chand pe laga is mein danda Pakistan ka hi hai,A
Nice,NA
Amazing answer Proud Pakistani,NA
Chaand pe jhanda aur jhande pe chaand hona aukaat ka farq hota hai,NA
Chand mein jhanda hone aur jhande mein chand hone mein zameen aasman ka farq hai,NA
Jhande pe chand hone aur chand pe jhanda hone mein fark hai,NA
Tum log chand pe jhanda nahi laga sakte ho,NA
Sahi khel gaya,NA
Ya pakistan walo konsi nasa may raheta hay! Jhande per chand hona or chand per jhande hona may aqat k farak hay,A
Kisi ka jhande pe chad hai aur kisi ka Chand pe jhanda hai,NA
To pani to nahi hai chad mai ?,NA
Ab is baat per Khush. Hone wale Hai Na Chaman chutiya ke jhande pe chand Laga hai,A
Mu tood jawab diya ha,NA
Oye hoya mza hi agyaaaa,NA
Behtreen,NA
Jahil qaum ka jahilana jawab,A
Bas iss chiz meh Aaukat Ki farak Hai BHAIYA aur kuch Nahi,A
India chand pai jake jhanda lagata hai... Or ap log apna flag pai chand print karwate hai,NA
Jhnde pe Chand or Chand pe jhnda hona okaat ka frk h,A
Jhanda main rhe ke jhand ho chuke ho sab,A
Nakli aur asli chand mai farak hai,NA
Awesome india wale hans rahe bc pagal ko sun kar,A
Pakistan,NA
Wo review diya hai 1 star,NA
Jo chand pe nahi laga sakte woh jende pe lagvake khush ho rahe he,NA
India ne bharat par hamla kar diya,NA
Ya bachy hai Tabish bhai,NA
Bakwas... Chand par Janda Lagana aur Jangy par Chand lagany main Zameen Asman ka farq hain,A
Chha gaya Tabish,NA
Chuthiya,A
Ye hi to apke chand pr lga h,NA
Kya baat kahi hai dil jeet li,NA
Sheraa,NA
Ghabrao nhi es baar terriout attack india par pakistan karta h toh tumhare flag sai chaand he alag kar dai gai,A
Jhande Pe Chand Hona Aur Chand pe Jhande hone pe Aukat ka farak h,A
Geo kamal kee bat kee fantastic,NA
Beta flag pe chaand hona aur chaand pe flag hone main aukat ka farak hota hain,A
Tabish hashmi se panga is not changa,NA
Yaa sab too thik hai but yaa ek sawal thaa uoo kal kaa Diwali kaisa laga,NA
With rating lga hua hai,NA
Lekin bhikhari bete hum pure chand ki pe lagye hai adhe par nhi,A
Jhhande pe chand or chand pe jhhanda hone me bahut farak h,NA
Average flat earthners,NA
Mera Baharat Mahan,NA
Or wo zanda hamare gand dhone laga he,A
Duniya gol hai ya chepti,NA
Chand Mai janda lagna or jande pe lagne mai bohot fark hai,NA
Esse janam main toh chand nahi phonch payega...tabhi toh nakli chand flag pe lagake asli chand samaj ke maze le raha hain,NA
Pakistan walo ke abbu jang chor kar bhag rahe he,A
Jhande par chand hona aur chand par jhanda hone mein aukat ka farq hota hai,A
Chand pe janda hona or gand pe chand hone me 19 20 ka fark nahi h 19 hajaar crore ka farak h,A
Abe chutiye kha mukabla h tumm hil hil kr bdhoo,A
Best peak bro,NA
Acha he boltai hai,NA
"Imran Khan ko jail me kisne dala Pakistani awaam ne dala, aatankwadio Kashmir me aaye kese? Pakistan se aaye na. Aapka Pakistan gaddar hai, dhokebaaz hai. Hamari beqasoor behno ko dhamka kar maara. Pakistan murdabad, Hindustan zindabad",A
"Ami mashallah hum jante hain ke sab India ka kiya dhara hai, hum India ke Muslims ko mitane ki koshish ho rahi hai",NA
Tum logon ki yehi insaniyat hai ki Hindustan ne kabhi kisi ko nahi maara,NA
"Abhi tak bohat gyaan de rahe the, ab kyu fat rahi hai, hum log to peeche nahi hat rahe, tumhari kyu fat rahi hai",A
"Main Hindu hoon, Jai Shri Ram Jai Shri Ram Jai Shri Ram",NA
Sahi kaha bhai,NA
Imran Khan ka jail mein rape! Leak report se hangama,A
Right bhai,NA
Brother se chilla madarchod dar dar se chilla,A
"Main India se bol rahi hoon, kaam to Hindustan ka hi hai magar joda ja raha hai Pakistan se",NA
"Nice sach bolta hai bhai, Owaisi ki tarah Imran ki tarah. Chhota Imran salam hai tujhe",NA
"Tu maa chuda, pehle awaaz baad mein uthna",A
"Jay Hindustan Jay Narendra Modi sir, I love my India",NA
Abey tumhare yahan 10 saal ke bacche se mile tab baat karna,NA
Assalamu Alaikum,NA
I love India,NA
"Sahi bataya bhai ne, Modi hi ne qatl karwaya hai, jang chhedne ke liye, Pakistan ko girane ke liye",A
Aamin,NA
Soo beautiful,NA
Nice bhai sahab,NA
Hain ki sab India sab kiya,NA
Madarchod,A
Aapat aane se pehle bhagne wala tu hi hoga,NA
Amimashallah ham jante,NA
fazul insaan hay to dimag kharab hey tera,A
Ram Ram,NA
O a jatha basii nabl ta,NA
Toh kuch na ukhad payega,NA
Tera baap ka poochna,NA
Allhe bhai,NA
"Tu rehta kahan hai? Pakistan mein rehta hai na. Tumhare bandook leke keh rahe ho aaj aur din mein Saudi kahan hai. Aatankwadi hijack ki baat kar rahe ho. Jaakar sun, fir kya karna",NA
Subhan Allah,NA
Allah,NA
"Kitna bhokega madarchod ghochu, kuch pata nahi bas bolta ja raha hai",A
Bhai Allahu Akbar,NA
Teri maan chod ke,A
Karo chup,NA
"Chhote se bacche madarchod, kyu halla kar rahe ho. Tumhara Pakistan kharab tha aur kharab hai",A
"Dua karo sab theek ho, masla kharab na karo please",NA
"Ammi jaan ki call, maan chud gayi. BP, tu call kahan gaya tha. Teri ammi ko pata nahi kitne land pad gaye call",A
Tujhe bhi maloom hai ki aatanki Pakistan mein hi rehte hain. Laden kahan mila tha? Umar se zyada bada mat ban. Pakistan ki sarkar samjhe,NA
"Yeh to trailer hai, abhi picture baaki hai. Jai Shri Ram, Har Har Mahadev",NA
"Border pe hathiyar le ke aaja, behen logon ko bhi leke aana",A
HUSBAND WIFE WIFE (image),NA
You 7497824102,NA
"Behenchod, tumhari behen betiyan to Hindustan aana chahti hain",A
Good speech,NA
Bakri pelne wale gyaan pel rahe hain,A
Maa chhod do Pakistan ki,A
Aur Imran Khan ki bhi,NA
Tere maa ki ,A
"Teri ammi se pooch, koi saboot hai kya",A
Lanat ho TM pe mashoq jab vdyo bnane nhe atte bhrwat q TM chkla khalo mashoq bhrwat me nmber 1 ho taje wese vdyo bnane nhe atte bhrwat karo chkla khalo,A
Nice video,NA
Zbrdst,NA
"Bhut, khoob",NA
Geo,NA
Indian army jindabaad,NA
Good,NA
Nice video,NA
Zbardast video,NA
Tum muje bohat pasnd ho India ke video ache bante ho,NA
Sab jhoot hai,NA
Fake news is injurious to health ??,NA
Chutiya,A
Jhutha fuddu,A
Pakistan zindabad,NA
Fudua game de video a,NA
Suar ke aulaad ??,A
Tum apne cartoon banao Hum apna kaam kar rahe hain ????,NA
Fake video,NA
Paagal,A
Fuddu game de video a,A
O salea game eee eh,A
Chal jhoota insaan,A
Ye game hai jahil,A
Chutiya sale,A
Fake video ukkaren di,NA
Jhuthe fuddu,A
Fudua video game vkhae jana.chal gussa,A
Mito Ori Mito Ori Kitna jhoot bol raha hai suar ke aulaad,A
Aditya Dixit Chutiya,A
Chal be,NA
Suar ka bacha fake video banata hai,A
Ghanta,A
Jhootha fuddu,A
Tum jese chutiye news banate ho,A
Ja chutiye,A
Allah ke naam pe atta de do,NA
Bhikhmanga country,A
Bakwas news waly ullu ke patthe,A
Abay chutiyon fake video band karo,A
Baba ji ka thullu,A
Keon juth ke maa bahen ek krr rehe hai.,A
Bheekh mango,A
Thank you Modi ji Meri gaan marne walo ki gaan fadne ke liye,A
Chup bhikahari.,A
Chutiye,A
Ek tayara tere Bebe de kush che wad gaya check kar,A
Chutiye abhi tak giraftaar pilot ko samne nhi laaye,A
Madrsay ka Gyan,NA
Game dekh kar jahal kom Ko chutya bna rahe ho,A
"MADARCHODO, NEWS DEKH LE, ROTI NAHI MILNI",A
Bolna toh sheekh le chole awa,A
Bakwas band kar Purani video dekha kar logo ko pagal bana rahe ho,A
Bhai game di vedio a ena v nai pta,NA
Salea a tare pua hai,A
Entha bosidika log pakistan maa melthahaaa,A
Ht bhosafi ke,A
Abe anpad jahil,A
O khote de puttar tere defence minister nu v nahi pata eh tayare maare v hai yah bevakoof Kom nu bevakoof bana rahe ho,A
Chall hatt jhuttt maat bol...hava any dey.,NA
Tere kidhar kidar lagegi kahan se missile ghusegi aur kahan se niklegi. Bhag.,A
Jagtar Singh Tuhadi bhain da kabutar saleyo ajeha kujh vi nahi,A
Itne jahil pakistan lata kaha se hai,A
Kaunsa ganja piya hai,NA
"Tum paida aisehi hue ho na, piche sai bc",A
Jhut bolo aur jhut bolo,NA
Sub Jhoot kush nahi kar keya abi tak awam ko chona na lagaho,NA
Chal hat be,NA
Al takiya ker raha hye,NA
Daru pe rakhi h kya,A
Sare social media par gira rhe Hain abhi tak Rafael Uda hi nhi to giraya kaise,NA
Ye pakistani fighter jet hai,NA
Jo video ISPR k pass nehi hai wo tumhare pass kaise aya?,NA
Tuhadi Maa da fuda,A
Rati sufne vich sale fudhu,A
Tere baap ki game ki video h ye,A
Sala chuth Marda a ta sada hai he nahi Hahahahaa,A
Video game ka clip lagake khush rehte hain bhikharistani,A
Ghenta ,A
Inject nhi eject hota hai bhai,NA
Fake,NA
Pap g qaim,NA
Gusya video game hai,NA
Ha o social media pr mar giraya hai,NA
Neend sae jagg jaoo pakistaniyo,NA
Video game khel Raha hai,NA
Abe bhikhari chup kuch bhi,A
Kaunsa nasha lette hai yeh Bhikari,A
"Fake video banao, maja karo",NA
hurre eh to game vdo,NA
Bakwas mat kar proof de.. video dekha sirf bakchodi kar sakta hai pakistan bas..,A
Video game me maare,NA
"Matt karo jhoothaaa bakwaas , oil dalne ke paise tou ikathe karlo pehle",A
Fak news,NA
5 Tyyuuaaarrraaaa .. AI video,NA
Tu pagal ho gye hai,NA
"Mazail doosa , pilot ejaculate Kar Gaya,?",NA
"Hey, sugar ke Bachcha kyun jhooth faila motherchod.",A
Tu bhi le ek aa k,NA
Mera beta game kon sa hai yeh bhi bata,NA
Sapne dekho,NA
Jb plane aaye hi nahi to mara kai tumne,NA
BUND PHAD GAYI PAKI KI PHIR BHI,A
Paylat kidar hai Saboot dikha Jhuta sala,A
"Beta ye video game h ,Real video Nahi h ye ok",NA
Gazab ka scientist hai bhai tu. Zara dewaar cement kar wa de.,NA
Ai se khush hote rho,NA
Aur video game ki clip chiye to mujh se le lo,NA
Bhai pahli baat to hamen Pakistan mein aane ki jarurat hi nahin hai idhar ek button dabaya udhar Pakistan mein Diwali,NA
Main Kya Karun Pakistani Meri tatti khate Hain,A
Thakur Rajesh Som: Video game khel rha kya pakistan walo,NA
Nawaz sherif ka ilag phir bhi London me hoga,NA
Name Change Ku Bigarty change Kehne wali Jaahil Qoum,A
"Bao g Pakistan ka name change kr k London rakhwa do , Phr apko Kahin jna nhi paray ga",NA
Ek din ay ga jab pakistan k azeem khandaan ka name lahore k har bazar k baher laga ho ga umeed hai samaj gay hoso,NA
Shukar he firroon ki body pakistan me nh ye warna uspr b koi apna name de deta,NA
Har kagha nam likhwana kia is bat ki gurantee hai k mustaqbil.me nam.baqi rahega??,NA
mene b soch smjh k ik kadam uthaya hai apne papppu ka naaam nawaz shareef rakh dia hai,NA
Dear Pendu Production aap bhi apnay page ka dhyan rakhy kahien kal ko yh na daikhna per jaien NS PRODUCTION,A
Iski Khair hai  qk wo hospital na pehly chalta tha ab dekhho Kya Hota,NA
I think ab Pakistan ka name change kr ky Nawaz Sharif rakh den,NA
ye bharwa isi se marega bsrka,A
Khud in ka treatment london me hota h yhaan hrkten dekho inki... Hr jgwa bkwas,A
Khud se toh kch ban nhe raha purane hospital k naam change kr k apna rakh rahe,NA
Aik din ayega sabke naam k akhir me Shareef likhna must hoga CNIC me,NA
Pakistan ka Naam bhi Nawaz sharif rakhdo....tapsvi mahraj,NA
Kuch waqt ma Pakistan k jhande pr b in kee photo aaa aa jaey gee,NA
Sooner they will change the name of Pakistan to Nawazistan,A
Malik Naveed Sultan  han ab koi ilaqa reh to nahi gya ??,NA
Welcome,NA
Sher zindabad,NA
Sher zindabad Sher zindabad,NA
Iski maa ko lan Maro qbr mai,A
Mashallah g,NA
In sha Allah PM Nawaz Sharif,NA
Chor bhagora,A
"Zindagi bhar apne aap ko aisa he marte raho ga ,",NA
...zabardst. or maaro apne paleet jism ko...ghaleez mu ko.,A
Lgy rho bachy maro aor maro pagal log ye koi . Nhi,A
Aor maro shabash mxa krtha a buhth nikamo,A
En ko Kya hua hai Bhai,NA
"Zindagi bhar apne aap ko aisa he marte raho ga , ki bad dua ha tumhe, nikamy ho jahan key",A
zabardst. or maaro apne paleet jism ko...ghaleez mu ko.,A
Lgy rho bachy maro aor maro pagal log ye koi . Nhi,A
Aor maro shabash mxa krtha a buhth fazool log,A
En ko Kya hua hai Bhai,NA
Ye jahil pan chode ky bachy kaha sy a gay,A
Lanat hen inlogopar,A
Khud ko kiu mar rhay ho ,NA
Stupid shia,A
Suntukan nalang kayo ulol,A
SHIA CRAZY PEOPLE,A
MARO OR MARO TUM HO HI ISI QABIL MARO BHARWO,A
Shiaon par digital azaab ka manzar,A
Lanat,A
Hahahah phuda youn de chor,A
Khandani chor h ye log nohay ki copy krte h. Khud Aqal nahi h Khud Kch Bana Nahi Sakte Bas chori karne ki Adat h,A
Chour chour,A
Chori ke adat ni Jaye ge wasy b chori krny me phla h,A
Khandani Chor hain,A
Chor kahen k khud se kuch banta nhe chori karte rehty bs pehle inke bazurg chor thy ab inke bachy b chor,A
Pehla chor,A
Chori ki adat nhi ja rhi,A
tum par lanat,A
Copy master,NA
Lanat hai beshumar bhaee,A
Fitrat se majboor hai,NA
Chori ki aadat jati nahi,A
Nakalchi Bandar tujhe kaun Shaitan jaane,A
Cheap copy,A
Chura chura ke bana na hai apna nahi bana sakte chori ki adaat padhi hai,A
Chori ki adat jati nhi haye haye,A
Bakwas,A
Chori Ki Adat Jatii Nii,A
Chori k adat nha jati,A
Choro ki adat kabi nahi ja yeh gi,A
En ki waja sy Pakistan mn baresh nhi ho re,NA  
Program ehsas program program,NA
Besharm,A
ban these type of mujra jahan tk baat hmary mardo ki ha wo tu ha hi beghairat,A
Cameraman b legend hai bilkul target per focus raka hai,NA
Chapa niii peya,A
Pora Pakistan e nanga KR dia in logo ny.urty tu urty ye Jo mrd hn inki kia tarbit hui haa or ye apni olad k Kia trbit KR rhy hn,A
Send me number party function booking,NA
Aesi shadiya hogi to aulad kesi hogi,A
So nice video,NA
Mashallah mashallah,NA
Bhot glat,NA
Yar aisi haseenain kehan p milte hain pindi isb main,NA
Mere Pakistan Ko Nazar Lag gaie,NA
In mrdon k trbeat in k parents ne bs aisi he k h jahan moqa mily full awara bn jaty hn.aisa shoq agr in k behn kry tu full ghairt mnd bn jaty hn,NA
Teri maa ka bistar Lahore ke signal pe bicha hai,A
Tu to itna zaleel hai ke gali bhi tujhe ignore karti hai,A
Lagta hai kisi ne dimaag ki jagah gobar bhar diya hai,A
Tu roz mirror dekh kar apology karta hai kya?,NA
"Zarurat se zyada aqal dikha raha hai, recharge tu karwa le pehle",NA
Tujh jese haramkhor logon ki wajah se mulk barbaad hua,A
"Bohot acha bola bhai, sachai har kisi ko hazam nahi hoti",NA
"Chup kar bewakoof, tujhme aqal naam ki cheez nahi",A
"Yeh system hi kharab hai, insaaf milta hi nahi",NA
Tum jese kaminey log society ka cancer ho,A
Jab tak awaam nahi jaagegi kuch nahi badlega,NA
"Teri soch pe lanat hai, ghatiya soch wala",A
Jo bhi sach bolta hai usay pagal keh diya jata hai,NA
Maa behan ki gaali dena sharam ki baat hai,NA
Sab kuch ke hawalay karne se kaam nahi chalta,NA
"Besharam aurat, apni izzat ka khayal nahi",A
"Yeh hakumat sirf drama karti hai, asli kaam kuch nahi",NA
"Tera dimagh kharab hai kya, khudko samajhta kya hai",A
Awaam ka paisa loot kar jannat ke sapne dekhte ho,NA
"Tu kutta hai, har waqt bhonkta rehta hai",A
Logon ki ghaltiyon se seekhna chahiye,NA
"Tera baap bhi tujhe nahi samajh saka, tu kya samjhega",NA
"Is waqt sabr se kaam lena chahiye, gussa sab kuch begaadta hai",NA
Tujh jese haramzadon ki wajah se mulk dooba hai,A
Jab tak taleem nahi milegi tab tak kuch nahi badlega,NA
Tere jaise zaleel log sirf nafrat phelate hain,A
"Ek dusre ki izzat karni chahiye, tabhi aman hoga",NA
"Tu bhikhari hai, zindagi bhar bheek mangta rahega",A
Ghareeb ka dard sirf ghareeb hi samajh sakta hai,NA
"Beghairat insan, apni maa behan ki bhi izzat nahi rakhta",A
Main har waqt dua karta hoon ke sab behtari ki taraf jayein,NA
"Tu hamesha bakwas karta hai, tujhe sunne ka mann nahi hota",A
Agar haq sach ka saath do to sab behtar ho sakta hai,NA
Tere jaise chhoti soch ke log har jagah milte hain,A
Sabar aur tahammul sab kuch sudhar sakte hain,NA
Tera dimagh kharab ho gaya hai,A
Bahut bakwas karta hai tu,A
Tu kis kabil hai be harami,A
Apni auqat mein reh budtameez,A
Kitna ganda insaan hai tu,A
Tameez seekh phir baat karna,NA
Tumhari soch bohot ghatiya hai,A
Dimagh ka ilaj karwa le,A
Tu zameen par bojh hai,A
Kuch sharam hoti hai kuch haya,NA
Jahil logon se baat nahi karni chahiye,A
Tumhari baat mein koi logic nahi hai,NA
Mujhe tumse baat nahi karni,NA
Har baat mein jhagra kyun karta hai,NA
Apni ghalti maan lo to behtar hai,NA
"Zindagi bohot haseen hai, appreciate karo",NA
Log badalte hain waqt ke sath,NA
Mehnat ka phal zaroor milta hai,NA
Tumhara lehja bohot acha hai,NA
Har kisi ko izzat deni chahiye,NA
Jang k bad tajmahal hunza m Hoga,NA
Meny Jung nai Karni Mari abi shadi ni hoai,NA
India bna ga DHA,NA
Bahir 2 KO paper ha jang shuru Karo tayri Nahi ha,NA
Bhai jang winter me rakho aag sekne me maza ayega,NA
Bhai Jang karni hai to batao Nahin to main jaaun,NA
India walOo dro us din sy jb delhi me betha hua doctor Mareez k ghr walOn sy kahy ga ... Ayny ni bachna aynu lahore ly jaow,A
Bhai Jang ke taim live chlana bas Etna kam krdena,NA
Criket me ind vs pak to dekha ho lekin aj pani k liye ind vs pak dekhna he,NA
Pakistan ki trf s commentary krnay k liye Ramiz raja,NA
Yaar Jang karne se pahle Bata Dena main jara ,NA
India damki os qum ko daty hy Jis ky shadyou my etny firing hoti hy ky dulha griftar hojata hy,NA
Jung ki roti kis time lagy gi,NA
Agar jang hui tu me pakistan k liye pani khol donga take jang ruk jai,NA
Zindagi mout ka barosa nhi lekin meri kowish he pak ind ki ,NA
Pakistan aur India ne aise jange tare aasmanon mein dare hue hain ki jab Jung ho tab kya pata hi na ho,NA
Imbani ka Ghar Mera hy bhai,NA
Karachi wale Apne ap k nh hy .Apne mulk k nh hy or ks k hogy,NA
India wale Pani ki jagah per ladkiyan Chhod Dena Pakistan mein,A
Yaar yah batao yah Jung to Hogi kahan per Hogi final bata do,NA
Mazak bana kar rakh diya,NA
Mujhe Jung chahiye. Me khoon passand insan ho. Chahiye wo Muslim ho ya hindo. Sub ko dekh longa.,A
Bhai jab Pakistan Aur India Ki jang lage go to mujhe Koai Achi si piyari si Indian aunty mil jaigi,NA
Please start the fight indians We can't wait,NA
Agr hon jang na hoi mera jang to bharosa oth jana,NA
Modi Ham pani ke liye Jung Nahin karenge agar Jung karni hai to hamara net band kar do FIR Dekho Jung kaise hoti hai,NA
"Modi, phlay apnay yaaron ko ulta lutkana maal pani nikaal kr loan wapes karna hai",A
Indian ; White flag laga to diya hai - Pakistan : hum usko red color Karen gy,A
Kutto ki trha larty h Pani k pechy,A
Bhai me phaly bataa rha ho jung ky bad ambani ka gr Mera ho ga,NA
Jung me nuksan Sirf India Ka he Hoga Pakistan to pehlay Se he nuksan ma hai,NA
Kia thory dinu baad Pakistan aur India ek ho jaiengay,NA
Yar jang ka Bad katrena kaf mare ha,NA
Hum India ki baap ke nokar nahi hain jo har saal saman le jayein phir wapas laayein,A
Jung Hua to Modi ka ghar Hamara,NA
Mai tu sab sa phla modi k Saath Jang krong gaa,NA
Yar krlo jhang jaldi se 10 bajy k bad mujha ghr jana hota hai,NA
India walo pani band kar ke be peshab he pina hain tum logo na,A
Occupied kashmir me hamari zameen ha..jang k bad abad krun ga,NA
Mujy modi ka number send kr Dana mn yad dilwa do Pakistan sa jang ha,NA
Jung k liye india pakistan ayega ya phr kisi or venu pr krega,NA
Pakistaniyo ka pani nahi net band karna padega ....bahut fudak rahe hain,NA
Jung ke baad CID ka ASP iqrar ul hassan hoga,NA
Bhai jhung ka time kia hai ? mujhy suba suba shop bhe kholni prhti hai,NA
Bhai Mera passport gum ho gya tha abhi abhi banwane diya hai Thora sabar kro Jung delay kro,NA
"Jung jeetny k bad ""katrena"" mare hogii phly sy Bata Raha ho",NA
Muneeb Tariq phat Gai inki,A
Darpooook nation bahaaag gai,A
The Indian Army raised a white flag at Chora Complex along the Line of Control. - kyun bhai itni jaldi phatt gai,A
India ap ne bade bahi Israel ko call karty hue,NA
Suno ghadaron aur Facebooki Danishwaron tum shay hi koi na ho,A
Tum logo ko sindoor ab hum lagyagi,NA
Pakistan launched Operation SohagRaat,A
Bhag Arjun Bhag,NA
Tum karo tu lash bhaaly Ham karain tu gaand jaly,A
Tension na lo 6 maah bad aik film bna k jang jeet lena. Abhe thori phatnay do apni,A
Ye ro rahe ay,NA
Ye old video hai .tum log aisii fake news se khush hote raho,NA
Faizan Aslam bhai gl wadh gai ae,NA
Batli kro hun,NA
Mut Pinay walay hamara muqabal karna ha dhak latay ha phr,A
Jang ke baad Aaliya Bhatt meri hogi mein pehle batara hun koi nazar rakhe us par,NA
Delhi mein main Raj kar ga,NA
Main jang main nara jee bhutto ka lagaio ga,NA
Tum karo tu lash bhaaly Ham karain tu gaand jaly,A
India ap ne bade bahi Israel ko call karty hue,A
Pakistan launched Operation #SohagRaat,A
Tum logo ko sindoor ab hum lagyagi,NA
Tum log aisii fake news se khush hote raho,NA
"Chal wapas le jao barat, larki abhi 18 ki nahi hui",NA
Mai to bhai Jung wale din shaadi karunga meri janu ko India mein ghus Gaye Tajmahal ke samne ek selfie lunga,NA
Babri Masjid ko 2bara tamer karni ha jaldi Jung sarart karo,NA
Jung ke baad bajrangi bhai jaan wali muni mere,NA
Katrina toh meri he,NA
Kya aap mujhe Anushka ke baad Priyanka bhi dogay,NA
Jung ke baad Anushka meri hai koi aur claim na kare,NA
Apki garmi nikal denge,A
Bhai humne Yahan per Jung Nahin kheli agar khelni hai to Dubai kar rakhen jaise match udhar karate hain,NA
India jeete ka to Pakistan ladki chahiye,NA
India pe kabza kar lenge fir Karachi ki ladkiya ke sath rap karenge,A
Mein ne kaha ammi jung lagne wali hai ammi boli Allah kare pehla bomb twade water tank nu wajay,NA
Suno gaddaron aur Facebooki danishwaron tum she hi koi na ho Pakistan painda bad,A
Modi Tumne Raat Mein Hamla Kiya Hai Ham sareaam Karenge Din Mein Pakistan zindabad,NA
Weycy ye jang awaam ko chay ye India awam awar Pakistani awam ko larna chaheya Sarkar ko churo,NA
Mein to chah raha tha ke pehli fursat mein jung lag jaye,NA
Alhamdulillah itni khushi to apni shadi pr nahi hui jitni India aur Pakistan ki jung sun kar hui,NA
Mujhe bhi jung men bulana plz,NA
MJhe zaroor jung ke liye bulao me ne naya suit silwaya hai,NA
Jang ma chaple phana ha ya shoes,NA
Kya jung ke liye sunscreen le aana hai?,NA
Pehli to pani khol do baad mein jung karega,NA
Pani pe lo pahr jag krga sind mein panne nahe h,NA
Mein new suit silwaaya tha jung wale din ka,NA
Tension na lo 6 maah baad aik film bna k jang jeet lena,NA
Bhai main tu Anushka ko pehle hi book kar chuka hun,NA
Apna apna account agay kar do jung kab h,NA
Jung ki namaz kitne baje hai koi bata sakta hai,NA
Katrina kaif aur alia bhatt meri hogi,NA
Mere bchon ne tind karwa li hai kehte mama g jung karni hai hum nahi chahte Katrina ko dekh k baalon me haath pherna pad jaye,NA
Mujhe to dar lag raha hai Bharat Adiala jail pe hamla kar ke humara cultural khota na maar de,A
Apki Umar choti hai tajurba kam aj soshil media band kar do ye waisay hi rahain gy,NA
Hum bhi aapka WhatsApp status dekhna hai. Yahan rakho,NA
Modi ko ek free ka mashwara — Jung se pehle washroom chale jana,NA
Mein jung nahi chahta India warna tum log jo jung jung kar rahe ho hum tatti nikaalenge tumhari,A
"Jang ke baad mein Anushka le jaunga, Katrina bhai ne claim ki hai",NA
Mein tu daraz app se straw order kar liya pani peenay ke liye ,NA
Mein to keh raha hoon Eid ke baad Jung karna abi hume gai mata ki qurbani bhi karni hai,A
Mein taj mahal ke samne chai piyunga aur kahunga tea is fantastic,NA
Karachi me to OYO kholenge,NA
Mein ne kaha ammi jung lagne wali hai ammi boli Allah kare pehla bomb tumhare geyser ko lage,NA
Mein ne jung ke liye matching pistol nahi mili,NA
Mein jung ke din Soni Leon ke ghar milun ga,A
Bheekh Mang kar khane wale Jung ki batt kar rahe waah kamaal hai,A
Main to comments parhne aai hoon bs,NA
Sub kuch to ho gya ab girls apna apna jungi makeup bhi dikhao same like fotgi makeup,NA
Yar Jung kab ho gy bato plzzz,NA
Antii to smbhl Len gy bachyun ka sochna hoga,NA
Ye Logo Nain Sirf Ami Abu Ki Jang Deki Hai Kabi 2 Mulko Ka Jang Ni Dika Warna Shalwar Mi Peshab Nikal Jayega,A
Ma wat kar RHA1ho,NA
Nora fate meri ok,NA
Hansane bda maja ata hai un logo se pucho jinki koi galti nahi thi tumhare logo ne mar diya,NA
Jung karni hai to please apne mobile Ghar per Rakh kar aana Varna Karachi ke halaton ka pata hai India walon,NA
Antilia palace banane me tumare pure Pakistan ki GDP jayegi,NA
Ap APNA number do me Apka status dekhonga,NA
Yar ya to cricket ka match nahee ha ka har waqt ap log jetogay,NA
Kay gril h yar,NA
Pakistan Zindabad Army Zindabad Pakistani Awam Zindabad,NA
India ko harane ka khwab dekh Rahe Ho gajab ki baat Hai per pura nahin hoga,NA
Beyaqoofi ki inteha hai jung koi mazak hai agar khuda na khasta shuru ho gayi phir pata chalega,NA
Aap bhoot pari hu or aap ke voice bhoot achi hai,NA
Aap jaisi Haseena hogi to Jung to hogi,NA
Phly pani khol do me washroom me betha hon mujhy bhi jhang dekhni hy,NA
Mughe laiba khan,NA
Agar m jung m gom ho gya tu taj mahal k pass milo ga,NA
Me tou aapse nikah shadi karoonga Pakistan jeetne k baad,NA
Tum logon ko sharm nhe aati apne mulk ka mazak kar rahe ho,NA
Agar jung me ek dosray se bichhad gaye to taj mahal k piche Quetta chai wale k pass milte hain,NA
Jang suba 8 baje ke bad band hoghe ku ke 8baje ke bad apun ke ghaw ma bejle nahe hota,NA
May indian Media ke 6 awraton ke saat shadi karonga,NA
Ye jang Karen Gy jinko shishu Karny K leye washroom nai milta,NA
India wlo k army chief ma bno gy agla,NA
Behoodgi k be koi had hoti heee,NA
Mojhe to ashoriya or Nora bebo chahiye Jung mein,NA
Jang ka humein pata hai jo Kashmir ke border pe rehte hain,NA
Ajay Bhatt tum nihayti bhikari ho,A
6000 ka rate sahi lagta hai,NA
Pakistan middle finger emoji,A
falto insaan ka bacha ,A
Madhuri meri,NA
Dafa karo India ko Israel ko tabah karne ki koshish karo,A
Habardar Agar Kesi Ny Shah rukh k gahr liaa It's only Belong to me,NA
Except Cow mouter and Cow Gobar ww will bring back from Modis country,A
Khn lai roti nhi bate krte ho larne ki,NA
Ab ki cow mandi border pr lagao India hamla hi nai karega,NA
Cow mouter ki country se sirf gobar lana hai,A
Agar jung hui to Dilli Lal Qila k samne wala plot mera hoga,NA
Agarah ka qalamdan mein banna chahta hoon aur hinduo ko agrah ki safai pe lagaunga,A
Ek bhikari mulk banakar kya kar liya maine,A
Jaise USA Army Ne Laden ko Mara tha waise Ham Marenge,A
Cow mandi ko border pe lagao India hamla nai karega,NA
Chuss on fire,A
Not 1% funny,NA
.... Your laughing style ....,NA
Bharat ka pehle hamlay ka program tha phir hamli ka program bana us ke baad Bharat khud haamla ho gaya,NA
Kya hua maaloom hai kya 1965 mein 1971 mein 1999 mein taareekh yaad hai kya I love India,NA
India media ke mutabiq mein mar chuka hoon aur yeh mera doosra janam hai aur main is waqt Shakti Kapoor ka damaad hoon,NA
Pakistan beghairat mulk hai,A
Pakistan Zindabad,NA
Mja ly rhi ha awam,NA
Jhang ke baad Ambani ke ghar ki deewaron pe likha hoga Bengali baba har kaam humse karwao,NA
Pakistan Zindabad Bangladesh we stand with Pakistan,NA
India ko bologe yaar abhi jag mat karen kyunki 3 din mein meri shaadi hai uske baad jo karna hai karo,NA
Jai Hind,NA
Bhai Mukesh Ambani ka house mera hai ki tum log apna apna dekh lo,NA
Mujhe to Jammu Kashmir mein makan banana hai,NA
Ap mujhe boht buree lagti ho bilawaja daant q nikalti ho,A
Meri Indian hukumat se darkhwast hai ke jang baad mein kar lena abhi Pakistani awam tiktok videos dekh rahi hai,NA
Madam ji India walon ko kehna agar jang ladne aana to gaaye ka peshab pee kar na aana Pakistan mein doodh khula nahi milta,A
Allah Pakistan ki hifazat farmaye,NA
Jo qoum shab e baraat pe itne patakhe chalati hai wo jang se nahi daregi,NA
Tum log Modi ko mar dala,A
Jang ke liye imaan ka jazba zaroori hai na ke gaaye ka peshab peena aur 500 rupay ki bhagwan ki murti se jazba paida nahi hota,A
Kabhi suna tha ke jang khed nahi hondi jananiyon di,NA
India jang nahi chahta pyaar aur mohabbat,NA
Modi dar gaya Modi dar gaya,A
Khud bhi hansne ki acting kar rahi ho,NA
Very good Nice,NA
Modi ke janm pe daayi kehti hai paisay rehndeo mere haath dho do,A
Jang lag jaye humein mujray ke liye 3 4 randyan chahiye uske liye India jana hai,A
Yeh bachi kahan ki hai mujhe iski fikr ho rahi,NA
Humari daadi ji ki jaga Baramulla mein hai aik pura chaak hai woh humein mil jayega kya chaak Ghulam Ali Khan naam hai uska,NA
Jang mein agar toss ho gaya toh umpiring karunga,NA
Awesome knowledge,NA
Hihihihi 88 kilo makeup karke hihihi hansna seekh le,NA
Madam aapki hansna banawati hai shakal se do numri lagti ho,A
Kajol meri hai,NA
Chawlain maar rahi ho,A
Why are you laughing extra b tuka,NA
From Bangladesh assalamualaikum,NA
I from Bangladesh My district man one cow name says Modilal,A
Hahahaha,NA
Good,NA
India se taza tareen France apne jahaaz gin raha hai Israel apne drone gin raha hai aur Modi calculator le kar betha hai meri mari hui chol kitne mein par gayi,A
Hasty hue to pyaray lag rahe first time dekha hai hanstey hue inhe,NA
Modii crazy,A
Oye tu border par ja aur apni asal duty kar aircondition me beth kar awam ko chutiya mat bana,A
Apne dushman ko kamzor samajhne ki ghalti kabhi nahi karni chahiye,NA
Karachi ko humne tabah kiya hai India credit na le,NA
Duniya Indian media ka mazaaq udaa rahi hai everyone is laughing,NA
Bhai Allah se Pakistan ki hifazat ki dua karo India ka warship Karachi ke paas hai supersonic missiles ke saath,NA
Pak fouj zindabad,NA
Breaking news India ne Bharat par hamla kar diya,NA
Jhooti khabar phailana to bahana tha asal mein Pakistan ke DG ISPR ko hansana tha,NA
Geo mere sher Allah pak aap ki hifazat farmaye,NA
Operation Suhagraat,A
Hahaha,NA
Zindabad,NA
My army my proud Zindabad,NA
India aur tum aik hi hathaili ke chatte batte ho,A
Very well said,NA
India deployed its warship near Karachi coast with warheads and supersonic missiles,NA
Shahzada,NA
Mai shayad India mein aa gaya,NA
bond begarit aya wada bonda,A
L hay to ,A
Dhruv Rathee,NA
General Shahab looking cute,NA
Pakistan army be ready next attack from India be careful,NA
Agar ek grenade bhi Quetta par gira Pakistan news se pehle India ka news report karega,NA
India walon ko batana Karachi ke guttaron se anti aircraft guns nikalte hain,A
Great to see that confidence,NA
Haha,NA
hehehe,NA
Indian prime minister aur Indian media ki mental health theek nahi hai aaj kal,NA
We need action,NA
We need action not talking,NA
I love Ducky Bhai,NA
‘khoti k bachy’ wala,A
Bahon Rami Jay Bhai bahon rami,NA
Wo Humara fvt YouTuber Ha Ok,NA
Heavy end wlaa,NA
Jay bhai yr ap meet up kro hum rents pa lakriya la ay gy,NA
Saly Tu ducky ky taty jesa bi nhi hai Teri phaar ky rakh Deni usny saly soch soch ky to word bolta tu,A
Jay Gandu Jawab De diya Kar Mera,A
Eik din ya auwad ap ko bi mily ga inshaAllah,NA
Ap k sat lobby ma aya tha ap ne video b nhi banayi dil tor diya fan ka,NA
Ap ka Abu ha duckybhai,A
WaH bety Tu nah b moJ kaR de In Sab ke hansTy hansTy *** kr,NA
Sale gandi soch,A
Jay tu waqai e haraam da an,A
Almashor bharwa is back on fb,A
Iphone ma last ma middle camera kaha sa agiya,NA
Level ha yar,NA
zarbasti trolling,NA
Tere aukat nahi wahan jane ki fazol baat na kia kar,A
Kabeer Afridi yr video ki starting me jo larki hai wohi muje iski ducky ki bachi lg rhi h,NA
Ducki chutiy shahadat ki ungli b laga k kahya kar panchood,A
Ducky Bhai gand mar gyaa ye apki mazaq mazaq main,A
Aba tu apna chutia karwa ba chu,A
Bade harami ho pink strawberry pr teri nazar hai chutiye tu akela legend nahi,A
Mr jay sexond name is mr tatta plays,A
jo bhee ho theek nahi hova,NA
Ducky ko bulao whats in the box main,NA
Aysa mzak nhi krty yar bandy ko achank sy heard atak b ho skta h,NA
Bc Das Hee Leta Isko,A
Nadeem chuchi Wala ata tu Kya mza ata video ka usky Laine ka alg mza hota ha mtlb bezti krni ka,A
Hahahaha ducky bhi,NA
Yousuf Ameer ap k peer k sath ye kya hya,NA
Phut gaiiiiiiiiiiiiiiiiiiiiiii duckkkkkkk kiiiiiiiiiii,A
Attack ana rehgya bs,NA
Heran hu isne galiayn nhi di wrna hr video main galiyan hi deta hai ducky,NA
Isko prank ni darana kehte hain,NA
Sub choro…… Bs Python,NA
Azlan Shah Yar inbox aao gy?,NA
Yarrr dhaky bhai ko apni hot see bv dhekane ka bht shooq ha ap mhrbani krke osko dhekaye dhaky kutty ka ye bara sa muu to rozz dhekty ha ajkll bhabhi dhkene ko melrrli ha o be hot and spicy shape ha o dhekaye na plzzz dhaky kutaa hud be to dhekata ha ap zara sahi se dhskye,A
Ducky Bhai ki B pht gayee,A
Sara scripted ha,NA
HYEE DUCKY DI TURU LABBB ALII STORY SUNN K MA TISSUE DE 2.5 DABBY MUKKA DETY,NA
Scripted vedio..,NA
Sare Randi ki aulad h,A
Yay nikla he esa tha ya bad my esa ho gya hy...,NA
Muneeb the great,NA
Saad se bolo k dawaten khana bund karday he doesn’t look good,NA
ducky bahi pyary a ap un ka bahi Nae lagty mujy,NA
Ghri thatha,NA
"When I saw this video, I remember the advice my grandfather gave me...",NA
4 saal sy memes bna rha hu 2k subscribers nh huye or is Lan ke topay ko dekh jalan nh ho rhi dukh ho rha muje shak tha awaam ramdibaaz hai pr yahan to londybazi bhi Arooj pr hai,A
Penchod ab amaa abba reh gaiye unn ko b laga do vlog py,A
we need videos of yours. bhai ki photos laaga bathroom wali. Suhag raat b share krin dalay,A
Bhabi ko to chupky chupky bohut deka hoga,NA
Ye to ab in ka family bussiness bn gya hai,NA
Chup kr bharwy,A
Band kro Band Kro Khuly me Hagna Band Kro,A
Now There Is Chicky Bhaai After Ducky Bhai,NA
Chutiyan banya hova hai Tum logo ny mil ky phely Duck phr uski bandi or ab ya mara hova keerha,A
Apne ami or abu ko bolo woo vlog karein,NA
Ab agli video hgi ducky ki reacts to comments of his brother's first vlog,NA
KMAL LARKY,NA
reyyy tu jaaa reyyy,NA
Chota cake v agya,NA
"pesy e khudmat hai ucky bhai, Sasta version of ucky",A
Vlog toh accha ban gaya hai,NA
Khuly me Hagna Band Kro,A
ghar main aik sarkari nokar ho to sbko set krwa deta hai idher ducky nay sara khandan sarkari nokri k bghair set krkay dikhaya ya nhi,NA
Better than Aroob,NA
Much better than Aroob Jatoi,NA
When u order ducky from daraz,NA
kuttay ky dhom wala,A
You’re not funny anymore coldybhai,NA
Chalo ab Pakistan ki garmi thori aur Kam hojae gi,NA
kabhi banao dever bhabi wali video matlb bhabi ko lo video ma,NA
Yeh to hai,NA
Or koi reh gaya hai tumhary ghar me vloging karne se,NA
Good luck boii,NA
ab kuch din baad uncle bhi aajayenge vlog banane,NA
Ammi papa ko kaho vlog bana lay kuch to sharam karoo,A
Ais ka aur nasir khan jan ka collab krwa de,NA
hagne ke liye yehi jagah mili hai,A
aa gaya tu jawan ho ka,NA
Love you chotay ducky,NA
Better than Ducky,NA
He said mujhy abhi abhi apny baba mile hain,NA
Aroob bhabhi romance tarah ki videos chahiye hume,NA
Rabbia faisal set kr ly bhai,NA
He will beat Aroob Jatoi. He is literally more talented,NA
soon 1 million,NA
Agaya aik aur bawaseer,A
Welcome to Punjab bhabi,NA
To bhi apna bhi ka vlog khud dekh hume kyu dikha raha,NA
Baki tere zrort the,NA
Puri nasal hi vlogger banegi ab,NA
Pencho ab aur yakkian sunne ko mile gi,A
Is chutiye ki kami thi bas,A
Apke bhai ko beauty cream ki zarurat hai vlogger banne se pehle,NA
Chotay bhai k sath kaha ha,NA
Vlog isse acha hota itna time gand marwata paisa to milta,A
1 lakh subscribers congratulations,NA
Ducky thora saste me,NA
Ab ye kya bawaseer hai,A
Tum logon ne sahi YouTube ko bathroom banaya hai pura ghar aake hagta ja raha hai,A
After making this beautiful vlog you deserve a world tour,NA
Why you said mujhe abhi abhi mere baba mile hain,NA
Issay roko bawaseer failta ja raha hai,A
Mujhe abhi abhi mere baba mile hain ye acha tha,NA
Their mother has better sense of humor than they both combined,NA
Toba toba bahut manhoos lag rahe ho,NA
This is business,NA
Ab ducky bhai ke ammi abu reh gaye hain vlog banane ke liye,NA
Begum b koi over acting karti hai,NA
Bawaseer mini edition,A
Ducky order from daraz,NA
Dewar bhabhi ka pyar dekhna hai,NA
Ducky ke vlogs se to behtar tha,NA
Chal ay tu,A
Lite mia khalifa,A
Welcome first vlog small ducky bhai,NA
Family vloggers ban gaye ho,NA
Ye tum logon ne sahi logon ko chutiya banaya hai,A
Tum logon ne YouTube ko family business bana diya hai,NA
Another bawaseer,A
Nice bro small ducky bhai,NA
Or koi reh gaya hai to uska vlog bna lo,NA
Gand marwa ke video upload kar,A
Content kya hai MashAllah,NA
Keep it up,NA
Bhai Masha Allah acha vlog banaya agay b bnao,NA
Lagta to Karachi ka hai muh aisa hi hai tere,NA
Another bawaseer in market,A
Chal mere putar too chutti kar,NA
Tera bhai tou bilkl lag raha,NA
Abhi abhi baba Miley hain Sindh budget main tum dono bhaiyun ko bh murad Aali Shah pesh krey,NA
Nasir khan jaan lite version,NA
another tatti bhai,A
prhai hum sab chordete inhi dhando m lag jaate ku k education ki yahan importance kaha hoti,NA
1 or pagal,A
keep it up,NA
Nepotism on its peak,NA
Family politics ki trha yahan b yai kaam start jeeo,NA
Thank you ducky Bhai for all the entertainment. It's time to say Good Bye,NA
iski kami thi,NA
band kro bhy band kro khule mn hagna band kro,A
Tum dono bahiyoon ke pass koi or kaam nhi awaam ka phuddu lagaya ha,A
Mashallah,NA
Pora khandan arha ayesta Abu Ami b ajye ge,NA
Lora mera,A
Chota ducky bhi,NA
Kayla tatta,A
Aby sy bhi bnwa ly wohi reh gya ha,NA
Haters this is for you keep it up muneeb,NA
Tum logon ko pehly bat karne ki tameez sekho,NA
beta homework karlo warna ma khud ghar akar workdone kardon,NA
Lagtaa hay barf parny wali hay,NA
Wah ub Pakistan k sare masly khatam ho jayen gy,NA
Cake,NA
cringe af like ducky,NA
Yakhi bhai ny phely dimag khaya hoa tha ab to bhi kha ly mia khalifa in male version,A
Chota ducky,NA
Aby copier photocopy kr ja k,NA
Ab Pakistan mai garmi kam hogi umeed hai,NA
Koi reh to n gya,NA
yar ksi ko mzq ka nishna na bnao kyn na wo ktna chutiya ho,A
Mun ma kya pahsawa ha,NA
Wa londa wa,NA
Ek kaam kar na amma Abba kyn reh gai un ko bol wo bh start kren,NA
Iss sy nhi ho ga bhaii,NA
Tucky bhai,NA
Abhi abhi apnay baba milay hain iss ko,NA
bawasir,A
Ja ja kam kar,NA
Nahi yar ap logo ky Ghar may toilet nahi Hy Jo hagny YouTube or Facebook py aa jaty hoo,A
Your mama should also start vlogging best roaster,NA
Ducky bhai to hohoho,NA
There is nepotism everywhere in Pakistan,NA
Ghar ki batyn bta kr kya sabit krna chahty hn ye 2no bhai,NA
Ammi ka vlog bhe nikalo,NA
Zainab set kr la,NA
Abe bhutnike 4 din ma ek vlog banayega kia or Bhai ki trhn nh banao kuch new lao,A
Koi namona reh na jye,NA
Tatty Bhai,A
Meri behen Rutaba aap ki aur Ducky bhai ki sb se bari fan hai,NA
Pehlay bara Chay tha ab chota chay bhi agaya Pora khandan hi chay ha,NA
Gando agaya,A
This is business all family are YouTubers,NA
itne bekaar vlog waoooooooo,NA
Sorry bhai glti se click hogya video pe,NA
Chota Ducky Bhai,NA
Abey Nikal Loaray Koi baji waji ka channel bnao wo subscribe karay gay,A
Very good,NA
Love you yaar,NA
Aik din Pakistan me aesa b ayega school bnd hojayengy ur vlogs center khull jayengy,NA
Ducky Bhai ko do vlog ap sa nhi ho ga ya vlog,NA
Duky bhai+lulli bhai,A
Bhabu bhi paissy ka chkar,NA
That Moment Mujhy Abhi Abhi Apny Baba Milay Hain,NA
Ya sub maa siro ka bolny ka tareeqa ek jesa hi hai,NA
Pehlay lagta hay isko isky baba ka ni pata tha,NA
I've a business proposal for you apna channel banate hen aur aap apne page par post krte jao,NA
Sabzii walaa nikla vlog line me mu dekh,NA
MashAllah pura khandan laga ha daily vlogging me,NA
Ducky ke 5 6 din ke vlog ek din mai bna diye is ne,NA
Puri family thndiii,NA
Aby apny pury khandan ko volag na gagaly,NA
ply bolny ki tmeez to sekh lo tum tum lga rakhe,NA
Q Bhai porn video bnani Hain kehta hai mazay ki videos,A
When you order ducky from aliexpress,NA
Ducky bhai plz muneeb k glasses chnge krwado nak py bethty hi nhi hai mathy py charhy rehty hain,NA
Sasta ducky bhai,NA
Sasur ne bahu ko pela,A
Samaj nai ati ye wahi banda hai jo new creators ko keh raha tha kuch sal pehle k youtube per mat ao aur ab apna pura tabbar le k varr gya hai youtube per,NA
Bara bawasir km tha jo chota bawasir vlog banane agya,A
abhi abhi baba mily,NA
mun sy paan nikal k bolo,NA
Aamb per charo aap,A
Welcome bro ducky bhai ki waja sy like kar raha hon,NA
Aby chilay hue allu jese shakal bana k kia tum log tum log lagaye hue hu,A
Hahaha mjhy abhi abhi mery baba mily hain,NA
Kesa bkwas bnda lg rh yrrr,A
next vlog mei us dove soap py mou bhi dho lyi,NA
Abi abi baba mily hein,NA
Tatti barway,A
When you order ducky bhai from draz,NA
Another limited viral loruu appears,A
Is ka right hand kuch zyada he chalta hai,NA
yeh b apny bhai ki trha ateeet batmeez hai,A
Ganad ki video banoo,A
Tum pahla sa hi hagg Raha ta social media pr abb ya be hagna aagaya,A
Better than ducky vlog,NA
Yai kia hai,NA
Ducky bhai i respect u but apnay bhai say bolain k tum log tum log mat bolay,NA
Advance congratulations for 100k,NA
Bahi you need a little effort,NA
fazol treen banda hay ya tu,A
Meme say momin is thousands times better than this shit,A
Ducky version 2.o,NA
he's literally second version of ducky literally copying everything,NA
Mere bhai wo chlorine nhi hogi wo susu tha jo daane nikle hai,A
bhai tm 2no bhai sy mazeeb bawaseer ki omeed h nkll lo,A
Ab ducky ki ami jaan ka b vlog ayga just wait,NA
Tmri shakal nhi dekhni dubra vlog mat banao khuda ka wasty hai,A
Congratulations,NA
sasta ducky bhai,NA
O bhi sara khandan ko e vlogs pa lga de or to koi kam nai,NA
Nepotism YouTube mae bhi agae hae,NA
Abhi abhi mall me apne baba mile hen,NA
Nangi vidio,A
Non PTA ducky Bhai,NA
Sir jee plzz 1 baar falash main apna moo daal kr dekhyeen,A
Jeeyooo thandyy,NA
Vloging ki dunia mai welcome,NA
Best of luck,NA
Nikal loree,A
Yeh kiya bawaserr phila rhay ho,A
Gaariii,NA
Bhabhi deor videos dekhein jald hi isi channel par,NA
Bhabhi dever videos coming soon,NA
Aba kam kar apna fazool vlog,A
Log bolty thy ducky ka chotta Bhai is sy acha content bna sakta ha Pakistani gaming or social media community fuked,A
Nai cake,NA
Sara khandaan totla hai kiya,NA
Aisa vlog chaiye jis ma ap ki shakal na daikhni parai,A
Bawaseer,A
Chuttu,A
Tera maali chef chokidaar kaka kaki waghera waghera reh gaya hai uska vlog banwa de,NA
Qadar karo is post karne wale ki,NA
Shaprr ha ye,NA
Acha theek hai,NA
Bss ye hee rah raha tha YouTube pe,NA
Kl Hum Yhi baat kr rhy thy aj aik or Vid smny a gai,NA
Nawan chutiya agaya,A
Bakwas,A
Bukhii tabrii ghar bahria mai hy or aik neutella k liye bar bar cheekh rha hy,A
Post ka intezar karte karte purkhay mar gaye,NA
Ye tw ducky bhai ka bhi baap nikla,NA
Muu pr bht daane hein thora control kro,NA
Poora khandan ab isi line me araha hai good for them,NA
Very good bro keep it up,NA
Meri trf sy tmhy mery ka salute,NA
Tumhare ghar me toilet nhe hai kia pori family YouTube pe hi aa ke hag rahi hai,A
Aaa gya tu jawan ho k,NA
Family business me abba ko bhi laga do begum aur bhai ko to laga dye ho,NA
Can you upload some knowledgeable as compare to this fazooliyat and time wasting videos,A
Ye bhi haag raha hay YouTube pe,A
He's more funny,NA
Aby kia bawaseer bnaadiya ye,A
Joh bhi 25 saal seh above loog hein won koi bhi in landon ka fan nahi yeh talent hai,A
Love you jani,NA
Keep it up broo,NA
L lag rha ha,A
2nd and ducky bhai,NA
Bat krny ki tameez sekh pehly,NA
Ducky bhai apne chote bhai ka glasses chang kar wao acha nh lagta,NA
Mint margarita wala acha tha,NA
Best of luck muneeb,NA
Best of luck,NA
Itna koi fuzool vlog banaya hai yaqeen mano,A
The activities of both of them are indistinguishable,NA
Ay ty ducky bhai toun v aggyy e shyy j,NA
Recipe likhna zaroori tha,NA
You are great mother nice,NA
Baba abi abi mile hean pehly kisy baba bolty thy,NA
Bhai mia khalifa ki,A
Mint margarita,NA
Me after watching his vlog,NA
O ja mama chupya,A
Ami Abu k b vlog channel banwa do,NA
Ducky bhai ap jesa vlog nhi koi bna skta,NA
Bhai 2-3 or vlogger nikal le ghar se idhr boht garmi ho rhi,NA
Caption parh k smjha ducky ne waqae chooty bhai ko dikha dia vlog main,NA
Mujy bahi us trah ki videos chahye plz bana do,NA
Johnny sins wants to congratulate you,A
Kuch bhi,NA
We don't care what you do please change the video settings to private plus you ain't funny,NA
Ajeeb family hai washroom mn bhi jaty hain to vlog ke sath,NA
Love bro,NA
Great start bachy,NA
Muneeb bahi tum ya apna glasses chang kar lo,NA
Please porn please apna kha jo bolo gy bano ga,A
Banda la juti laway tay isnu lama pa laway,A
Acha vlog ban gya is bandy ka naya naya mal ha naya shok ha,NA
Sary gr waly peasy kamany m lg gye hn,NA
Yae b family ki tara sari family YouTube par e ajaye hai,NA
Recipe likhna zaroori tha,NA
Mujhe abhi abhi mere baba mile hain ajeeb,NA
Ayee mou se supari nikal ke bat kar rahy baba,NA
Soha,NA
Sari qoum k chawalon sab kaam dhanda chor or vlog dekho,A
Hasan asim comments,NA
Dono bhai ik e jaga ik he jesy hagty hain,A
Ye kia bawaseer ha bai,A
Best,NA
Chotta yucky bhai,NA
Dusra ducky,NA
I watched his video after long time their lifestyle has totally changed,NA
Isko dekho yr touba,NA
Chashma change kr do muneeb k,NA
Apne oper 2-3 bnde chor k video bana,NA
Tery or teri bhai dono ki panyako,A
Amazing yr,NA
Lucy bhai,NA
Ap ducky k bhai lag rhy hn,NA
Tum tum kr rhy ho chotye,A
 bhi sashy ma b mojood hain,NA
Mtlb k ab is ko bhi bardsht krna pade ga,NA
Tur ja tur ja,NA
Good luck bro,NA
Tum kya hota phaly tameez sekho kay logo ko bhulna kasy hai,NA
Aby hilna tou bnd kr,NA
Request kar raha ho mujhay ek vedio chahiya gand ki footage karo sab fans ko maza aye ga madar chodo,A
Ducky bhai is best,NA
Global warming ki sab se bari waja hain ye dono bhai,NA
Maze ki videos chawalein mar ra aik arse sy ye,A
Chota bheem lite,NA
Mama papa ko bkru dekhny ki kya zroret ha,NA
Phly apne teeth ka gape bnd krwa,NA
Nikal loray,A
Tum to bry funny tum ek kam kro tum kuch na kro,NA
After tatti bhai now presenting tatta bhai,A
Isi bawaseer ki kami thi bc,A
Lundy ka ducky bhai,A
At least you are better then ducky if you follow your own style,NA
Masaliyo,NA
Good yar fast my hi acha vlog level,NA
Abbu ko bolo vo bhi daily vlogging kry,NA
Bacho wali awaz he nhi,NA
Whole family is becoming blogger pretty sure next news will be that his dad became vlogger,NA
Tera sab kuch aya bss ab nudes rehty,A
Hag zroor raha hai lakin fresh hai,NA
Lgta h duky apny pory khandan ko vlogs py lgaey g,NA
I support you bro your vlogs are entertaining ignore the haters,NA
Ab ise bhi sehna prega continue,NA
Tum log,NA
Lill tatti,A
Brother big fan only you not ducky bhai,NA
Tumhari behn or mah ki entry reh gae h bas,A
Tery vlog b bawaseer tery bhai ky b air teri bhabhii ky b,A
Ye kya chal raha hai bhai family mai vlog fever corona ki tarha pail raha hai,NA
Ducky is your dad,A
3 minutes 3 days,NA
Sry we don't want to see 18+ contents,NA
Good muneeb,NA
Ducky ab sachet main bhi dastiyab,NA
Latreen mein baith kar kab vlog banao ge salo,A
Kisi ko to chor do us bechary ka phla vlog hai,NA
Keep it up,NA
Sahi urdu hai lekin mujhe laga aap dekh sakte ho sahi urdu hai,NA
Ducky bhai mujray k videos chahiye is ko bol kary ga wo bhi bina kaproo k,A
Kia chuss hoo tum log,A
Yeh pagal nh hum pagal hai jo dekhty hain,NA
Lulu hiee hooo,NA
Koshish kro ghr mai gari ya bike ho ge thorra patrol nikal kr halka sa camera pr dal kr jala do,A
Good,NA
Koda ho ker ducky ka sat tapa tap kar is tra ki koi video chaye,A
Aik or,NA
Ek mahina ki vlog ek hi video mein waah,NA
Another product of nepotism,NA
Tum nhi ap,NA
Ye to ducky se bhi upar nikla,NA
Tattti krne ka tareeqa bhi sikhaoo vlog banaoo,A
Bakwas,A
Nikal loree,A
Bakwas banda,A
Bhosdi wala,A
Gaand mara,A
Madar chod,A
Behen chod,A
Chutiya banda,A
Sasta content,A
Loda creator,A
Lund ka,A
Chodu vlog,A
Gandu banda,A
Bakwas vlog,A
Gaandu creator,A
Faltu banda,A
Bhosdi ke,A
Sasta launda,A
Tatti content,A
Bakwas channel,A
Chodu acting,A
Gaand ka,A
Lund content,A
Tatti banda,A
Bakwas acting,A
Sasta chodu,A
Madar channel,A
Behen key lore,A
Chutiya ka,A
Loda vlogger,A
Lund vlog,A
Tatti vlog,A
Bakwaas banda,A
Gaandu content,A
Lauda content,A
Gandu channel,A
Madar content,A
Bhosda creator,A
Chodu channel,A
Bewaakoof banda,A
Choot ka,A
Fuddu content,A
Loda ka,A
Gaand content,A
Bakwas acting,A
Chutiya acting,A
Fuddu vlogger,A
Loda acting,A
Madar channel,A
Gaandu banda,A
Tatti channel,A
Chodu content,A
Bhosdi banda,A
Fuddu creator,A
Bakwas banda,A
Behen ka,A
Loda content,A
Madar banda,A
Gaandu ka,A
Sasta acting,A
Tatti ka,A
Bhosdi content,A
Lund acting,A
Sasta banda,A
Bakwas ka,A
Gandu ka,A
Chutiya vlog,A
Bhosdi ka,A
Tatti creator,A
Madar ka,A
Gaand ka,A
Bakwas channel,A
Fuddu acting,A
Sasti acting,A
Bakwas content,A
Sasta channel,A
Behen ka,A
Chodu acting,A
Loda channel,A
Bakwas banda,A
Bhosdi ka,A
Gaand channel,A
Chutiya channel,A
Madar creator,A
Bakwas acting,A
Loda content,A
Bhosda banda,A
Gaandu ka,A
Fuddu channel,A
Tatti acting,A
Sasta creator,A
Madar content,A
Chutiya acting,A
Bakwas channel,A
Gandu acting,A
Chodu creator,A
Fuddu banda,A
Behen content,A
Bhosdi acting,A
Gaandu content,A
Madar channel,A
Chutiya content,A
Tatti banda,A
Fuddu content,A
Gaand acting,A
Bakwas acting,A
Bhosdi channel,A
Gandu content,A
Sasta content,A
Bakwas vlog,A
Madar vlogger,A
Chodu vlog,A
Bhosda content,A
Gaand content,A
Tatti vlog,A
Fuddu acting,A
Sasta creator,A
Chodu content,A
Madar vlog,A
Gandu acting,A
Bakwas acting,A
Tatti content,A
Behen creator,A
Loda vlogger,A
Chodu channel,A
Fuddu vlog,A
Bhosdi vlog,A
Gaandu acting,A
Madar channel,A
Bakwas content,A
Lund acting,A
Bhosdi content,A
Fuddu creator,A
Chutiya content,A
Tatti channel,A
Loda acting,A
Gaand vlog,A
Bhosdi creator,A
Sasta acting,A
Madar creator,A
Bakwas acting,A
Lund channel,A
Chodu acting,A
Bhosdi acting,A
Gaandu vlogger,A
Madar content,A
Fuddu channel,A
Behen acting,A
Bakwas acting,A
Chutiya channel,A
Loda content,A
Bhosda creator,A
Sasta vlogger,A
Gaand acting,A
Madar acting,A
Tatti creator,A
Bhosdi banda,A
Bakwas vlogger,A
Chodu content,A
Loda acting,A
Tatti acting,A
Fuddu creator,A
Sasta channel,A
Gaandu content,A
Madar channel,A
Bhosda channel,A
Lund creator,A
Chutiya content,A
Bakwas channel,A
Fuddu content,A
Bhosdi content,A
Tatti vlogger,A
Chodu creator,A
Sasta acting,A
Madar content,A
Bakwas vlogger,A
Gaandu channel,A
Behen channel,A
Loda acting,A
Tatti content,A
Fuddu channel,A
Bhosdi acting,A
Madar acting,A
Chutiya vlogger,A
Gaand acting,A
Loda creator,A
Tatti vlog,A
Bakwas content,A
Bhosdi creator,A
Sasta content,A
Fuddu acting,A
Madar content,A
Chodu channel,A
Bhosdi channel,A
Gaandu vlogger,A
Behen content,A
Loda vlogger,A
Fuddu vlogger,A
Bakwas channel,A
Sasta channel,A
Tatti channel,A
Bhosda channel,A
Chodu content,A
Fuddu content,A
Gaand chaat,A
Lund chaat,A
Gaandu kutta,A
Bakchodi master,A
Gaandu launda,A
Bhosda loda,A
Tatti aadmi,A
Loda machine,A
Chodu bacha,A
Behen fuddu,A
Lund bhai,A
Gaandu hero,A
Loda face,A
Bakwasi raja,A
Lund king,A
Madar cut,A
Fuddu face,A
Gaand expert,A
Tatti hero,A
Bakwaas launda,A
Gaandu rapper,A
Loda driver,A
Tatti boy,A
Chodu item,A
Bhosdi rider,A
Bakchod aadmi,A
Gaandu model,A
Lund dealer,A
Gaand bacha,A
Fuddu master,A
Loda bacha,A
Bakwas joker,A
Bhosdi master,A
Tatti legend,A
Madar rider,A
Bhosda model,A
Gaandu waiter,A
Chodu driver,A
Fuddu joker,A
Bakwas player,A
Lund lover,A
Gaand shooter,A
Loda teacher,A
Bakwaas painter,A
Chodu singer,A
Tatti painter,A
Fuddu singer,A
Bhosda lover,A
Madar barber,A
Gaandu artist,A
Loda joker,A
Tatti singer,A
Bakwas dancer,A
Chodu leader,A
Bhosdi painter,A
Gaandu gamer,A
Loda dhobi,A
Gaand fan,A
Fuddu thinker,A
Bakwaas poet,A
Tatti thinker,A
Madar painter,A
Loda chef,A
Gaandu joker,A
Bhosda dancer,A
Tatti worker,A
Bakchod writer,A
Loda actor,A
Fuddu captain,A
Gaandu dancer,A
Bhosdi mechanic,A
Tatti mentor,A
Chodu agent,A
Bakwas promoter,A
Loda helper,A
Gaand rider,A
Madar builder,A
Bhosda fighter,A
Tatti swimmer,A
Chodu butcher,A
Fuddu driver,A
Bakwas carpenter,A
Loda butcher,A
Gaandu musician,A
Tatti mechanic,A
Bhosdi tailor,A
Bakwas barber,A
Chodu cook,A
Gaandu bodyguard,A
Fuddu model,A
Loda vendor,A
Bhosda artist,A
Tatti farmer,A
Madar comedian,A
Chodu seller,A
Gaandu poet,A
Fuddu painter,A
Loda barber,A
Bhosdi chef,A
Bakwas coach,A
Tatti trainer,A
Ab apney choty bhi ko bhe dahndey par laga deya,NA
So nice mashallah muneeb keep it up,NA
New dawlence fridge,NA
Inka alg hi nepotism chal raha,NA
Nepotism ki aulaad,A
Very nice vlog hai,NA
Ducky bai ki language use krty howy dala ha,NA
Yr saad bhai ko vlog bana daay tw na bana muneeb please,NA
Halat dekh bhai apni ja moo change krwa,A
Awam ko pagal bana raka hai,A
Allah kamyab kare,NA
Geo beta,NA
Wahid log galian kha k paisa kama rahe hain,A
Coffee ban jati hai 3 min me or 5 min hilana parta hai,NA
Is brush ki glasses change karwao,A
Yi kya bawaseer bana diye hu,A
Vlog se pehle moo dho liya karo,A
Ducky sala youtube pe aa k hug b de de toh log kahen nice potty,A
Tum dono subah uth kar moo nahi dhoate,A
Abe aik kaam tha jo chutiya karta tha tu bhi aa gaya,A
Editing ducky bhai ki hi hogi,NA
Promoting nepotism phr isi munh se nepo ko roast kroge,A
Ye sab dekhny ke baad,NA
Ducky bhai waiting for reply,NA
Nepotism,NA
Tatti bhai,A
Fatima faisal set kar le,NA
Tou mera lol,A
"Doctor ka beta doctor, samajh jao",A
Ok bharwe,A
Abee ja boosri ke,A
Ami abu ko bhi le aa isi kaam me,A
Good work,NA
Duckey lite version,NA
Imtiaz mall,NA
Beta jo danda tu nikaal raha hai samajh ja or camera rakh de,A
Bosidy k,A
Dono bhai praway khate ho ghar me kuch nahi,A
Vlog acha banata hai,NA
Ab iske baad abu bhi vlogging start karega,NA
Ab isko bhi bardasht karna padega,NA
Chal nikal bonsri ke,A
Chota ducky,NA
Baba mile dua se ya baba g aaye thy khud,NA
Zindagi me na khana dekha na shopping ki,NA
Ye bhi tatti karega ab,A
Ye kya kya dekhna pad raha hai acha hai me andha hu,A
Pura khandan ek kaam pe lag gaya hai,A
In logon ke paas koi kaam nahi chawlain marne ke ilawa,A
Bathroom kab gaye aur kitni der ke liye ye nahi bataya,NA
Dono bhai dimagh ki maa mar rahe hain,A
Rabba ya mujhe chuk le ya ise,NA
Pura khandan le aao,NA
Is se umeed nahi thi,NA
Lanati,A
Yaki bhai ki poori family vlog karegi,NA
Dosra danger aa gaya,A
Elder version of ducky,NA
Tum nahi ap,NA
Roaster ho iska matlab nahi ke bachay ko bhi roast kar do,A
2-3 min me ready hokar ban jati hai,NA
Dusre ki shalwar utaro dono chutiyo dono ek dusre ki lo,A
Nass way yadeenya,NA
Nice effort,NA
Abe chilke ja na,A
Dekh jaffar ducky ka bhai nikla,NA
Pehle bolna to seekh le,A
Maaen aise bache zaya kar deti hain,A
Subscribers patwariyon ki tarah hain,A
Ek aur chawal,A
Family business chotiya,A
Tum log,NA
Loo ek aur aa gaya,NA
I waste my 3 minutes,A
Mashallah,NA
Abhi main jaane laga hu abhi main khane laga hu abhi main hagne laga hu abhi main bound marwane laga hu,A
Sab sy mashoor game har invite par 1200 Rs inaam rozana inamaat 500 Rs tak jitni jaldi ap join karain gy utna zyada kamaen gy,NA
Asi orat ko banda boly kay moun bus ek he cheaz kay leay khola ker lund key leay,A
Kabi Tati Wali video b dekao k o Kisi Karti hai,A
Yar itni chichori harkatein kaise kar lete ho duniya dekh kar hansi hai kya veli qoum hai,NA
Ni hona white es bharway nay,A
Mahnus aurat,A
Kanjar family,A
Dafa door,NA
Areeb best,NA
All the best,NA
Ap ke veido ache ha,NA
Nice,NA
Mashallah nice,NA
Khusree,A
Ab arbyeo ki mojye hi mojye,NA
2No family,NA
Very nice ji,NA
Pata nhi yo know pagal logo he jo inn pagal ko dekhta he waste of time,NA
Lannti kanjar,A
Is me ghalti tumhari nahi hai beta ghalti tumhare baap ki hai jo ghar ka darwaza band nahi kiya,A
Yeh dekhne ke liye mughal badshahon ne apni saltanat ujaad di aur hum free me dekh rahe,NA
Woh bhi aik waqt tha jab bhabhi camera se chup jati thin magar paisay ne kapray utarwa diye,A
Hona chaiy,NA
Shakal dekho zara iski khusray jasi,A
Sb log lant dalo is family pr,A
Hamri Pakistani awam is me kosh hai lannat hai is qoum pe,A
Nice Nice very Nice,NA
Dafa door,NA
Areeb best,NA
All the best,NA
Ap ke video ache hain,NA
Nice,NA
Mashallah nice,NA
Khusree,A
Ab arbyeo ki moj hai,NA
2no family,A
Very nice ji,NA
Pata nahi ye pagal log hi hain jo in pagal ko dekhte hain waste of time,NA
Do it again Areeb bhai,NA
Dobara,NA
Dobara api iqra,NA
Do it again abhi to film start hui thi,NA
Krna chahy,NA
Areeb bhai dobara kare,NA
Ma sha Allah,NA
Api Areeb bhai ke liye meri taraf se bhi task de bhai ko girl banao full makeup karwao dress bhi girl wala shoes bhi completely girl banao,NA
Dobara hona chahiye aur ek task meri taraf se bhai ko behen banao aur gali me ghumao,NA
Iqra api,NA
Dobara hona chahiye,NA
Ye poora din har roz vlog banate hain to namaz kab parte honge,NA
Dobara kare yeh to nahi tha,NA
Dobara,NA
Bhai ne kabhi koi task nahi kiya na hi koi revenge liya to saying yes challenge hona chahiye,NA
Dadaar kare yes bhai,NA
Nice video,NA
Dobara kare please,NA
Hhhhh nice,NA
Assalamualaikum,NA
Hospital to wse ja rhe ho dimag b check krwana,A
Giry huy log gir gay,A
Mari nhi ya abh b zinda ha,NA
Plz ye behyyyai bnd kr do itna paisa he ab bs kro Allah se tauba kro kia tamasha laga rkha he kuch to shrm.kro,NA
Sach m murgi ka panja he lag rha,NA
Over acting ki full on dukan,NA
Nazar lag gae aapko,NA
Panjaban awara,NA
Hijralogy ho tm sb dhakkano,A
Moti ho gyi ho,NA
saza mili jo prank krty,NA
Hr waqt camera pakrane ka bhtreen anjaam hahahahaha,NA
Khusri Khusri,A
Jhot,NA
Gir KR mar jati to Acha hota,A
Mar jti kash,A
Mar Gai ,A
Mar jate to acha hota nasal begerne se bach jate,A
Tu Mari q nhi mar ja humri Jan choroo,A
Vlog bnyego lzmi mot bhe ajyegi Kisi or ko mbile dy gi vlog bna lo,A
Bht he acha hua mar Gai ha na,A
Tum hum kia dafa iqra be or tu be farig log or Kohe kam dhanda nh hai cheap log,A
Mar gai,A
Khusri,A
Wtf ye b clip utha k dal dia girny wla kch b ksm se,A
Allah na kaha abi b waqt ha toba karo,NA
Prank hi hona hy,NA
Mar jati,A
saaf pta chl rha jhot bol rhy hain,NA
Moto,NA
Iqra na bond penge le yab di bach,A
Twadi maa di main,A
Iqra main attitude be Tu bohot zayad hai isliiay,NA
Inthai bgairt aurt,A
lanat Madrchodo,A
Inteqal hua k nhi,A
Assalamu Alaikum Mashallah bilkul sahi kaha ke song Khubsurat hai Mausam bhi bahut Khubsurat nice Rocky bhi paper paper taiyari Karni chahie nice video.,NA
Zanib is so cute,NA
yr ab koi engagement karwa lou iqra hira ma sa,NA
Tumara gar kis jaga par hai?,NA
Oy Shaaperrrrr!,NA
Bhtt hi zyda over ho,NA
MASHA ALLAH,NA
Iqra apki awaaz bohat achi hai really your voice is sooooo good,NA
Allah pak ap sab sisters ko hamesha kucha rahky or ansab achi kary ya rubal alameen,NA
MashaAllah,NA
Ap sb log bht pyare ho,NA
Idr jb aisa tufan aya tha ma Dr kr rone lag gi thi,NA
Lekin papa to kuch ziyada hi handsome hain. Papa to lgta hi nhi bhai lgta hai,NA
Mashallah,NA
alaaaaaaa enjoy the weather.. ALLAH rehmt ka mosam layen ameen,NA
So bad,A
Hira nai hy,NA
Mashallha,NA
Ye meri request or farmaish ha. Umeed ha next vlog mn ap dono sister singing kro gi,NA
Assalam o alikum,NA
kuch change ae ga,NA
Asslam o alikum nice,NA
Hira AP sab sa payri ha,NA
Mashallaha sy sari sister achi hai,NA
Chips ka nam btain?,NA
Iqra kanwal ki awaaz wonderful yrr,NA
Iqra ke awaz bhttt he zabardast h,NA
Mashallah,NA
Ye song ap dono singing kro. Bohat hi nice voice ha ap ki,NA
Mashallah my faimily,NA
Bara fan ho yaar Is ka MashaAllah,NA
Hi,NA
Zainab bts wale song ate h kabhi wo bhi gao na,NA
Shapar,NA
G,NA
Gud vlogging.. Nd Iqra Aapki voice Masha Allah bhut pyari hai really,NA
Ap log manga karo bohat achi awaz hn,NA
Zaniab k danto ko kia hova h,NA
Mama kaise bag rahi hai,NA
Aise Nahin bolate aise bolate ho aisa per,NA
kathani hawaha,NA
Ap muh bohat ziada khol ka baat krti ha iqra,NA
Abdul Rehman bRo mano ko sambhal!,NA
Shapr oye,NA
tum nahi mano gi ,NA
Kamal k singer ho I hope kabi sub bahno k sar pa dopta b ho tu that vlog is great vlog,NA
Plz Api inbx ma ao,NA
Me ap k sary vlogs dekhta ho or ap mujhy koye reply bhe ni daty,NA
yar api ap bohat mehnat karti hain ap ko Allahpak bphat kamyab karay,NA
Enka papa hy,NA
Aap ki mama Desi Hy hana.?. Hm bi Desi hyn,NA
Yrr mujhy rabia bht cute lag ti hai love you,NA
Yar me etny comments karta ho koye reply bhe ni deta,NA
Is video me Zainab chha gae,NA
iqra awaz hobsort ta,NA
Appi pehli br video fake lgi,NA
Tum bhi dsri shadi ker lo knsi budhi ho gai ho,NA
Ap itna b logo ko pgl na bnaya kry itni to audience pgl ni...,NA
"Zohan k sth tou dhoka na kro aese fzool prank create kar k.,Bachon k samne ye sb krna shocking hota hai.wo dar k ro rha hai..fzool ghatiya soch prank",NA
Over acting ki sasti dukan....,A
in psycho logon ko jooton ki need hai logon ko bewakoof bana rahe hen drame kr k,A
Kanjari k kash tera Baap Teri ama ss us din mooth marwa leta to aj awam Tere gandy ki Shakal or es khoosri ki Shakal se awazar naa hoty,A
Kch b hojaye vlog rukna nai chahiye,NA
Bht fake bht he zyda bas kr do ab na kerna prank,NA
Had h AP log prank e krty rhty ho,NA
Yaaaaaaar khan sy aty hn ye log,NA
Bakwas,A
Tu Hum Kiya kare darme baaz family,A
Kya bakwas ha over acting ki dukan,A
Sahi content he jb shohar dosri shadi krle ya iska mazaq kre to use jotion se Maro Sahi muashre me pegham ja Raha he,NA
Allah kerey ker he ley areeb shadi dosri,NA
Tum sub mar Jao na..,A
Lannat hy Tum logo py dramy baz,A
Tu isko kutta bana ky rakh yeah dusri shdi phir bhi nhi krega,A
Choppa lga ja ka habshi ka,A
khusra iqra itni fqke acting,A
Dramy Baz,A
Pagal kutti pasy k liye kia kia krti ha,A
lanat tumri Zindagi py,A
Itne fuzul vlog kon log dekhte hen isko fake pp,NA
Kitni fazool acting ki is fazool larki nay,A
Pori family drama baz,NA
mar jati Inko dakhny sa bahtar,A
Lanat chwlo,A
Fake darama,NA
Yaan Khuda ya scripted,NA
Na acting ati hai na sharam,A
Iqra chawal,A
geo Madrchodo,A
Koi ni condon condum use kyia karo ta k is makhloq pida na ho,A
Lakh lanat towady marSiyan tyy,A
Ksm se iqra bht gndi action ki h or krni hi ni ari,A
Kachi harketein kanjar log,A
Kanjrology,A
Koi bata sakta hy mujy yi larki hy ya khusra??,A
Bkwas,A
Lanat tumri shakal py,A
Ja teri pain di L,A
Lanat tery jaman ty,A
Uno ne sai phuddu lgaya huwa hei awaam ko,A
Osama Javed: Kanjron k IG,A
Mujhe maro nhi mujhe maro,NA
Acting Tou achi kar laytay,NA
Frank Aquinas: Bc ajeeb chutiye lg hn ye bkl,A
Ray Javed: Gando log Baqwas,A
Bargat log,NA
Hussnain Ali: bc nay pagal bnyi huwa ha pakistani awm ko,A
Kanjar khana,A
Faiz Ansari: Bkwas,A
Eik Villan: Gashti,A
Kabeer Sajid: Khra bi hote maderchodo,A
N Khan Jatt Jutt: Wely gandu penr k lory,A
Oye gando insan koi ek bacha pada kro lo lorobaz insan. Shadi dosri kr ka b lia kr lana hain tu na,A
Ya kia dekha rahi Hy baysharam shukr hy tera channal b band ho ga ab bayhaya,A
Afaq Ahmad: Tatti hai ye tu,A
Leo Hunter: O chal dfay o khuss$RI,A
Usman Asif: Lanti lg rhi ho,A
Sûfyâñ Ãñßårï: Sab tharki jamma ho gaye hai,A
Ch Cheene: ma bhi ap ki bohat bati fan ho,NA
Shani Baloch: Ap nashta ka bad naswar rkhti ho kia,A
Sad Prince Maher: jangli log,A
Sami Khan: Ap ko. Dak ka roba ha ta ha,NA
 Bigraa Hoya bachaa,A
Junaid Bhatti: chlo niklo sliyooo,A
Ali Raza: Ay v koi zndgi hai,A
Nasir Mughal: Aik intehai ghleez aur badbodar family,A
Munir Ahmed: Begairt family,A
tujy mokka Mila tha bsdk,A
Bheeek mangny ka digital tareeka,A
chalo kro dubara sbky samny rona start bhai acha bhala fame mila tha apko qadr ni ke or ye duniya k samny apny halat dekhany se kuch ni hona mehnat kro,NA
aby jaan choor yaar bsdk tujhsy zyada gareeb dekhy Hy wo to gareebi ka dikhawa nhi krty jaao kamao or ghr banwao kia tamasha Laga rkhaa Hy ,A
vlog upload kro gy tu support krain gy ewain tenu ki support kriye bsdk,A
hassan Bhai ik baar fr entery kro full support milay gi ,NA
hr wqt rota rehta hai. ro ro k subscribers le liye ab content ni hai tw phir ro rha.,A
Jani vlog upload karo support hamari hugi,NA
Isko fame mila liken is ny qadar nhi ki hadd harami ki ha,A
Bsdk vlog Upload kr phir e support kry gi public ajeeb pgl hai tuu,A
Isko bhe har tym bss sympathy chaiye hoti ha,A
bhi bura ni manaana lkn ap mehnat ni agr ap 1 month daily vloging ya videos wagera bnaya kro ap kia kuxh kr lo gy ap k sth bhut ziada support ha 1 bari try kro,NA
Tu mery samny na aya kr.. Chawal insan,A
han bs yehe baklodia kr ky fame lety rahao krna Kuch nh,A
putr tu hadharam ha bass or koi bat nai,A
tuja support bi mili tuja views bi mila tuja subscribers bi mila uska bawajood tu kuch ni kar paya,A
Yeh bhen chod hai yeh lun b nhi kry ga or na e mery ga,A
phly b sympathy la kr agy aya ab b woi kam kar ra..,A
Bhai dobara start karo na YouTube ma na abi dakha ap na last video 9 month upload ki thi dobara start karo,NA
Bhai Allah ap par bhi acha waqt laya tha lakin ap na qadar nhi ki or had harami ki ha,A
Tu phir Se Bheek mangny aaghya,A
online bikhari,A
BSK bs kro dekava krna Mc,A
loru,A
digital bhikaari,A
tuja Allah ne izaat d phir b tuna Kadar nahi dali tuja bs yahi ha ma mehnat na karu ur mujha koi ghar gift kar de,A
lanat he tery haram zady your keliye pese aha se aye,A
Online bheekari,A
to kch ni ker skta to srf video bnna ker dosron ko apna tamasha dikha skta h,A
chal phudi daya,A
jaaa na ree,NA
BRO VLOGS AAP BANAO SUPPORT KARNA HUMERA KAM HAI,NA
bhi ap youtube par vlog upload ni karta ho kya waja,NA
bro come back kro ab sab suppi kren ge,NA
do or let's do,NA
Bhai AP vlogs banao beshak AP ke pas content nahi hai bas dialy routine dikha do Kuch lhas na ho Kuch nai hota,NA
Bhai camera chor dy or koi kaam karle,NA
Bhai apni zindagi ka kuch karo bs vlog bna k kuch ni hota,NA
eat 5 star do nothing,NA
Edit Bananay Sy Ghr nhi chlty LaaaLaaa,NA
es ko kya masla ha,NA
"Allah talla kmayab kry apko bhai, Positive sochain, Allah talla Apko Or kamyab kry bhai",NA
bahi trading may aja or patince rakh or opar ja,NA
do it brother..... don't underestimate the power of a comman man ..... you are a man,NA
bhai kaha gum hogae ho yotube se,NA
Jab bhi dekho gyy rota hii dekho gyy,NA
DO IT MAN,NA
Bhaii kuchhh Karr Sirf RR krny sy ghr nhi chalta,NA
Dramy baazi,A
you can't do anything you have just ruined yourself,NA
Again drama start,NA
jani dobara wohi sab karo jis say famous hovy thy yah fazool vlogs na banana ab scripted wohi real apni struggle wali vloging start karo,NA
Ye phir agya sympathy lene,NA
do it broo,NA
once a beggar always beggar,A
apka jesa b halat ho Ap vlog or TikTok p active raho Allah kamiyabi krega life m uche nesha hoti Rehti h,NA
bhai tumarii peak paa sabb app ka sath thaa magar abb,NA
Begarat Hai ap ke family,A
Baap b bgairat hy kafi,A
Sirf Rabia suit krti hai Baqi sb bkwas hain,A
Pagal auratain,A
Bakwas log deen sy door khuda hdait day,A
Sister Apny get ka pic send karna,NA
Ya sub isk mtlb Ik hi nali ki kirya hai,A
Lanti log,A
MATLAB pouri family begrati pr utri hui ha,A
Waoo dono lanatii kanjr,A
Qatlamy k mun wali darmiyan me bathi h use kha lo bluddy lul,A
Us shakh py lanat Jo apni bhetion ko media py laky channels bana k un Sy paisy kamay thumary walidain py lanat begherat k bachian,A
Iqra chawal,A
apki esi harkto ki waja sy zalzly atty hen,A
Awy bkwas mardia,A
Kutta kesa hai ab?,NA
Hy kas ya Kay hy,NA
Now the dog is on ventilator,A
kutta na kutta ko kata,A
Koton ko he kutty kat ty hy,A
Kitty jasi Harkatein krny pe Kitta out of control,A
Good,NA
Is the dog safe?,NA
Kuta,A
Wah kia mujra ha bro,A
Kashi bahi as kuta ka bacha ko rost kro,A
Bat to wakiye sahi he kutay ko kutay na kahe to kiya kahein,A
Bilkul kota,A
Bhaie ap ka number Chaya tha mujay ap say bhat karnay ko bhara Dil karta ha ma ap ka bhot bhara fan hu,NA
Yar shahid anwan per video banao na,NA
Wah SAIN WAH IT'S OUTSTANDING,NA
India me carry Pakistan me Kashif king Kashif Abbas,NA
Kashif bhai maza a gaya,NA
Love you too,NA
Chass aa gai,NA
Putar kashi agr ducky tujhy jur gya na to tery muh sy tatti nikalny lag jay gii,A
Ducky ki najayeez olad,A
Ony teri bond paaar k hath ch farga chadni ay fame hasil krny k liye apny abby nu roast kr reya,A
Tary ban nu lan kashi,A
Is ki tite laya kur,A
Bai Jan ak or is kuty ke video plz,A
Oye penchoda Baz a Har jaga apni pen na pesh na krwaya kr,A
Gandu tujy kra ga wo roast,A
tu mra fvrt sii but is video tu bad tere muu ch lul,A
JA Turga Bagirat,A
Tuu put lan ty char ducky bhi bhi ha tu bass lan ta waj,A
Bhai apna papa bolo,A
Bat to wakiye sahi he kutay ko kutay na kahe to kiya kahein,A
Bilkul kota,A
Abu ko roast kar raha ho,A
Ducky ki najayeez olad,A
Bhai jo bhi ha ducky bahi barand ha bro,NA
Ali hadrabadi per ak video,NA
Ali Khan hadrabadi pir video banao,NA
BTS par video bnaoo,NA
Sistrology ko please na roast na krey,NA
Janat Mirza pa roast nao,NA
Yousaf pathan ko roast kro,NA
India me carry Pakistan me Kashif king Kashif Abbas,NA
delivery huncha ki nai sis,NA
price kati ho gorkha delivery hunxa ki nas,NA
nice mashaAllah sth sth price batany ka B thanks,NA
Apki shop kha hai plz send location,NA
good idea bas Kisi ka mobile para mil jaye,NA
muje lga meri call ai ma ne forn awaz low kr di,NA
mujy laga myry phone main call AA Rahi main NY foran TikTok back ki,NA
bhot acha ab sa hum b yhen kuch kary gy,NA
chlo koi gal nai,NA
Mubarak ho,NA
Allah apko salmat rkhy aur humein is per Amal ki toufeeq dy,NA
sab ko mar dale gi ye ,A
agr 6 months before cutdown krwaya ho to extenso ho skta ha kia?,NA
sir kitny arsy mein sikha dety hain ap ? total kaam ?,NA
nice sir g or tahnks bhi ap ka Jo ham ko itne achi se samjne k lie,NA
sar apka YouTube channel hai kea,NA
full suit dikhayen plz,NA
es k sleeves dekhaye ga,NA
4sal ke bachi ka kina ka bna ga shart trozar,NA
zabardast,NA
aik step bar bar har bar kiye ja rhi Hina koi change bhi kr lain,NA
bhai ye banaya kia hai plz agar bata saky,NA
ostad g is me zarda rangh b lainen bnaty fir lock dekhty,NA
biyani achhi he ya nahe ap atitud tek he love u .,NA
SAB mil kar b Utah sakty thy,NA
kis Qader Mushkil kaam uff Allah reham farma mairy piyary Baap jaisy buzurgon pr,NA
mashallah ap bhot acha km krti he,NA
Jab furqan halka halka insan hota tha,NA
Zbrdast wao bs bchon ke tention jhalakti ha ab face py ALLAH sehat dy,NA
yes furqan bhai black hair porfect,NA
akeli Abeera he nai aj kal to SB he lagy huwy ha in kamo mei agr Abeera chli bhi gyi tab bhi koi farak nai perny Wala,NA
ase red color ke chea dasa,NA
maine b same aisa banwana h price batayee,NA
Price Kya Hai us saree ki,NA
hyeeeee Allah betio ko e kiun itni takleef di jti h Allah rehm farmy,NA
AJ Kal shadi Karna ka mahal hi gya hai Roz susraly larkon ko bedarde say mar Rahy hon insif Kahan hai Pakistan main susarlon ko becha road ke.phanse dl,A
Rate asy btaayen k koi ly saky,NA
ab bht fast dour hy log wait NH krty k km karayen aagy barh jaty hn.,NA
Allah pak naseeb ache kare sabh ke Ameen,NA
sis na sale karo ya ap kay nikkah ki hain,NA
agr iqra ki death hogai h to ye Kon h black dopty main???,A
yarr total three videos han wo hi like kar do koi,NA
mujhy ap k pass job chahy please,NA
jis din news ai usy dkhny SE thori dair phly he anti ghamgeen hui wah wahhh... usy phly Kabhi beti Ka khyal na Aya ?,NA
Ye husband wife se zayada bhai behan lgty h muje,NA
Allah pak kismt b chmkay khoob Ameen,NA
hm ladies tensun brdasht krty krty bemarion ko palty han,NA
sab asaa he kartay ha paisa kamaal kar us Kay Allah hu Akbar,NA
nhe ye larki alg hy lagti fatima afindi ki trha hy,NA
mashAllah Allah sab ko ya toffek da ameen,NA
"shoaib chairs uthaoo , carpet bhi ,phr safai kro",NA
uffff mera room asa ho jaye mai to pgl hi ho jaon ye saf kesy ho,NA
Mainy ni ban aya,NA
Bhai itny luxury room me Pani ni ana chahiye wese,NA
degchi me nhi banta me bht bar try krchuki hun,NA
Mold na bhi ho to deghchi ma bhi brownie bnai jaa skti ha. kindly bta dain kse bnai ha,NA
Kash Mera nana ayy ma sari Dunia la k un k qadmoo ma rakho.... lakin Kya karoo wo Allah k pas chalay gay nii a rha Yarr,NA
Lekin inu NE boht acha present kiya hai,NA
astgfar Allah rehm kry,NA
Allah reham kare,NA
Bhai aj hi aya ha percel Bhot achi quality ha fabric ki such A real Niyazeb,NA
"Sir yeh sardi ki liye ha.. mjy summer k liye chyie, koi cotton mn dresses",NA
kaise order karen or kitne pice hain,NA
mujy b chahye mam order kasy kry,NA
plz bibi ka dil na dokho manzr bna bna k yad dila k,NA
muje b Dr ny operation ma general anesthesia diya tha 3 saal pehly,NA
Meri spinal cord injury hoi the Mje Thk behosh Nai kia tha Na Qamr sun ki the Zindagi Main Kbi b operation na krwaun,NA
ye itna gnda injection he asy lgta he insan mout ko hath lga K wapis aya he I can feel it my c secrtion,NA
Kia federal Ka result phale hota he,NA
hamara 670 he aur sham ko party bhi he number ki khushi me,NA
Lahore matric board result kab ha pata ha kesi ko tw .........Bata du,NA
congratulations sister Allah mazeed kamiyabia atha farmaia,NA
na kbi ye muhbt huwe hy Alahumdolila ur inshallah na huge,NA
mjy bi chehy first or pink wla kasy Mily ga,NA
bahi apke location kia ha shop kha ha ya to bta dy,NA
mujha pink dress Lina h,NA
absolutely 1 lehja hi tou ha Jo cheer bhi deta ha or Jeet bhi leta ha,NA
boht khoob,NA
yai to pehly bhi pta hai,NA
ku time waste kr rhy ho,A
bhar mai jao,A
tum to kminy ho,A
yai to kam ka hai,NA
ghoot bolny ki kya zrort,A
yai to boht easy tha,NA
mai follow kr loo ga,NA
very nice videp,NA
itna knowledge nai hai,NA
tum yai kya keh rhy ho,NA
bkl post hi kr di,A
tumhary fu*king head mai kuch nai hai,A
kya chutyapa hai,A
tumhy shrm ani chahyai,A
saly to aik number ka kmina hai,A
mai boht khush hoo,NA
tumhary dimag mai ghaas bhri hoy hai,A
apni limit mai rho,A
achy insan lgty ho,NA
khush rho,NA
BC ghoot bol rhy ho,A
What the hell,A
go to hell,A
boht afsos hova,NA
so sad,NA
very amazing,NA
dfa ho jao,A
apni bkwas bnd kro,A
dr ka mahool hai,NA
dil tum py fida,NA
ghooty insan,A
zindgi jiny do,A
tum chahty kya ho,A
violation create na kro,A
oh really,NA
jeet jao gy,NA
tumhari boht value hai,NA
tum harty nai,NA
mubark ho,NA
dr lgta hai,NA
kesy kroo,NA
boht alone rehta hoo,NA
my favourite personality,NA
sda abad rho,NA
aram kr lo,NA
boht ghatia ho,A
Chup kr ja,A
dimag khrab hai kya,A
bakwas bnd kr,A
tugh sy na ho pay ga,A
bhatak gya lgta hai,A
ghus ja khi,A
harkat dekho is ki,A
kya faltu bkwas hai,A
Boht acha lga,NA
wah kya bat hai,NA
geo,NA
dil khush ho gya,NA
kamal ka kam,NA
maza a gya,NA
acha content hai,NA
zabardast,NA
seekhny ko mila,NA
boht pyara,NA
nice bro,NA
zuban smbhal,A
chal nikl yha sy,A
akal hai ya ghas,A
kya bevkoofi hai,A
tu pagal hai kya,A
nafrat ho gai,A
faltugi hrkat hai,A
gandi soch hai teri,A
tugh mai shrm nai,A
tere jesy logo sy nfrat hai,A
video daikh ky chkr a gya,A
fuzool bkwas,A
ghochu,A
gali kha ly pehly,A
tere sorat bhi nai daikhni,A
kya bkchodi hai,A
chl phoot yaha sy,A
apni okat mai reh,A
nikl pehly yaha sy,A
tughy daikho to gussa ata hai,A
besharm insan,A
dimag ka dahi,A
kya chindi content hai,A
nalayak,A
ganda andaz,A
tugh mai tmeez nai hai,A
munh dhoya hai ya nai,A
fitte muh,A
dimag ghas chrny gya hai,A
Video best hai,NA
tum boht talented ho,NA
brkt ho,NA
khubsurat editing,NA
helpful video,NA
boht acha smghaya,NA
tum best ho,NA
proud of you,NA
great work bro,NA
khush rho hamesha,NA
jeety rho,NA
muskraty rho,NA
keep it up,NA
har bar acha kam,NA
tumhari bat dil ko lgi,NA
tumhari muskrahat hmesha esy rhy,NA
like kr dia,NA
dil jeet liya,NA
respect,NA
sub kr diya,NA
aisa hi content lao,NA
thanks a lot for this video,NA
boht asan trika,NA
achi bat keh di,NA
tumhara andaz acha lga,NA
support krta hoo,NA
Fuzool mai time waste,A
tere liyai to gali km hai,A
chawal admi,A
sirf shor mcha rha hai,A
nafrati insan,A
badtmeez,A
zehar bhra hai,A
video daikh ky ulti a gai,A
sar dard ho gya,A
har wakat bkwas,A
kminy insan lgty ho,A
ganda content,A
brain dead,A
dil sy dua,NA
boht soft awaz,NA
tumhari bat smgh a gai,NA
hr chiz clear hai,NA
pyarii bat,NA
tum achy bndy lgty ho,NA
tumhari soch achi hai,NA
yai video share krni chahyai,NA
best wishes,NA
kamyabi tumhara mukadar bny,NA
 honest bat thi,NA
achi niyat nzr ay,NA
ghaib ho ja,NA
picha chor dy,NA
I hate you,A
apni okat mai reh to tery liyai acha hai,A
jchawal admi boht daikhny ko mily,A
shutup,A
teri aag boht jld khtm ho jay gi,A
fuck you,A
you bitch,A
oy idiot ht yaha sy,A
tum kitny stupid ho’,A
shrm ka mukam hai,A
Ab tumhy tkleef ho rhi hai,A
glty rho,A
meri bla sy dfa ho,A
ghtia logo ki soch aisi hi hoti hai,A
tum kya kr lo gy,A
mery samny kuch bhi nai,A
tera bera gharak,A
tum to gay kam sy,A
ab apna anjam bhugto,A
bch nai sko gy,A
monkey jesi teri hrkty hain,A
la jwab hai,NA
tumhara sense of humour kmal hai,NA
andaz perfect tha,NA
tumhari awaz boht sureeli hai,NA
ay haye,NA
shukrya boss,NA
zindgi ka ehm sbk dy diya,NA
kitny cute ho,NA
mai sadky,NA
nzr na lg jay,NA
dil krta hai daikhta hi rhoo,NA
haye kash,NA
fantastic,NA
yai bhi hasrat hasrat reh gai,NA
skoon mil gya,NA
khubsurat mnzr,NA
natural beauty,NA
I love this scene,NA
dil khush kr diya,NA
kitni ronak hai,NA
yai sweet mehak,NA
ab to rha nai ja rha,NA
wow romantic scene,NA
haye sukoon a gaya ,NA
kafi mzydar tha,NA
swad a gya,NA
ary yr kmal ho gya,NA
bpht zheen ho,NA
kafi confident ho,NA
ary wah,NA
boss mza a gya,NA
kmall ho gya,NA
jeet gay tum to,NA
level ho gya,NA
end level,NA
kitna sukoon hai,NA
end level,NA
shukr hai,NA
sweet voice,NA
kitna pyara hai,NA
har ky bhi hnsty rho,NA
style acha tha,NA
background to wdya hai,NA
haye sadky,NA
kya bat hai,NA
adorable,NA
pretty look,NA
dil tum py fida,NA
ab to mery khyalo mai any lg gay ho,NA
dil krta hai daikhta rhoo,NA
tum to pagal lgty ho,A
kya paglo wali baty krty ho,A
shrm ani chahyai,A
ghatia insan,A
chawal na mar,A
self respect ka to khyal rkh laity,A
dfa door ho jao,A
sr khai ja rha ho,A
chup ho ja,A
kya kr lo gy,A
kmina pn chor dy,A
achar dal ly,A
ghoot py ghoot boly ja rha,A
bs bs ,A
tumhy shrm nai ati,A
mnhoos insan,A
zindgi khrab kr rhy ho,A
time waste kr rhy ho,A
hosh mai reh,A
ja warr pra,A
behuda baty kr rhy ho,A
mar khany ka irada hai,A
gali dainy ko dil kr hra hai,A
tumhy aik slap ki zrort hai,A
akhir tum krna kya chahty ho,A
wah bgairat wah,A
kitni choti soch hai,A
ja jo krna kr ly,A
tumhari bat sy frk nai prta,A
kitny ajaz lgty ho,NA
kitny khush mjaz ho,NA
tum boht achy insan ho,NA
nzr na lgy,NA
video agy share krni chahyai,NA
nrm mjaz hai tumhara,NA
itny zheen,NA
mai to hairan hoo,NA
tumhara haq bnta hai ,NA
best of luck,NA
good luck,NA
full enjoy,NA
boht comedy ho,NA
tumhara to fan ho gya,NA
bar bar daikjny ko dil krta hai,NA
wow ,NA
volume full kr ky alag mza hai,NA
boostable video ,NA
tumhari video mai energyt hai,NA
boost ho gya,NA
life bdl gai,NA
sch to yhi hai,NA
laikin achi hai,NA
wadya,NA
chilling video,NA
gorgeous,NA
nice ,NA
boht harami ho,A
manna pry ga waky hi chawal ho,A
tum kehna kya chahty ho,A
bs aik bar mery hath a ja,A
daikh loo ga tughy bhi,A
zayada shokhhi na dikha,A
apni hd mai rho,A
badtmeez insan,A
is ka anjam bura ho ga,A
akal sy kam ly,A
haram khor,A
namak haram,A
tumhy shrm hya nai hai,A
lgatar ghoot boly ja rha,A
hkikat sy door bhag rhy ho,A
boht laziness ho,A
tum pagal ho kya,A
kitni behuda baty krty ho,A
teri jjurat kesy hoy,A
bch ja mugh sy,A
mugh sy bura koi nai ho ga,A
tum bharr mai jao,A
what a shit,A
kmina pnn,A
bs boht ho gya,A
rehny do tum sy nai ho ga,A
is ka koi msd bhi hai,NA
acha tha,NA
naik insan lgty ho,NA
mubark ho tum ny yai kr dikhaya,NA
but acha tha,NA
sukkoon,NA
felt happy,NA
wadya tha,NA
ykeen mano boht acha lga,NA
oh so craziest,NA
smbhal gay ho,NA
ok good,NA
chlo man laity hain,NA
hairan kr diya to ny,NA
shabash,NA
cha gay tum to,NA
wow really,NA
its a bitter truth,NA
achi performance thi,NA
hm jeet gay,NA
boring nai tha,NA
knowledge mai kafi izafa ho gya,NA
tum gum sum  sy rehty ho,NA
halat ky asrat hain,NA
wow kmal ka scene hai,NA
so nice,NA
I like this pic,NA
nice backgound,NA
my dream place,NA
my dream car,NA
my dream city,NA
very hard working,NA
style awesome tha,NA
look like hero,NA
prime version hairan kun hai,NA
smile boht pyari hai,NA
boht mushkil kam tha ,NA
yes you win,NA
Wrong guide kiya,A
ghalat rasta bta rhy ho,A
time wasting video,A
send me video in inbox,NA
power boosting videpo,NA
Mar khao gy,A
spreading wrong news,A
spreding violation,A
boht giry hoy ho,A
boht choti soch hai,NA
shrm ka mukam hai,A
daikho to sai bgerti,A
shrm nam ki koi chiz nai hai,A
wahyat content,A
soch bdlo choti soch walo,A
boht gandi soch hai tumhari,A
bkwas bnd kro,A
bkwas content,A
boring content hai,A
shrm kro,A
doob mrny ka mukam hai,A
lanat ho,A
lanati bnny ka zayada shok hai tumhy,A
tum bhi chawaly marny lg gay ho,A
hd nai ho gai wesy,A
gali khany ka zyada shok hai,A
mirasi wali hrkty hain,A
what a hell,A
go to bhar,A
fuck youu,A
put some info in your fucking head,A
tumhari halat boht patli hai,A
kutty ,A
chutyapa na kr,A
Kya kr lo gy akhir,A
tum py fida,NA
mzydar tha,NA
hardworking thi,NA
I appreciate it,NA
handsome boy,NA
achi image bna li,NA
kehny ko alfaz nai bchy,NA
wonderfull,NA
koi mukabla nai,NA
lakho ki video hai,NA
beautifull,NA
cutipie,NA
deep words,NA
dar ka mahool hai,NA
khushgwar,NA
la jwabb,NA
boht mukhlis ho,NA
smgh sy bahir ho,NA
khatro ky khilari,NA
brawo,NA
boht intelligent ho,NA
khushi hoy daikh ky,NA
milny ko betabb hoo,NA
smghdari sy kam liya,NA
tumhy to inam milna chahyai,NA
carry on,NA
you will win,NA
its hard for you,NA
you will get good result,NA
acha effects pry hain,NA
mind relaxing video,NA
yes ofcourse,NA
hosla rkho,NA
tum kr skty ho,NA
jo bhi ho tumhary liyai mushkil nai hai,NA
har nai manni,NA
dunya ko dikha do tum kya kr skty ho,NA
most attractive video,NA
dil khush ho jataa hai tumhari video sy,NA
App ka sb sy pyara hai kmra,NA
Apka hi pyara h ziada,NA
Apki society Ka Kia name ha,NA
Lavli houes,NA
Bohat pyara ghr hy mashallah,NA
Boht piar ghar ha MashAllah,NA
Mery ghr k doors ky bhi same yhi design hain,NA
Ma sha Allah sara ghr hi boht pyara h baqi bhi Allah g khush rkhein nzr e bd sy mhfoz rkhein Amern,NA
Itna show of karti hai,NA
Iqra Api ap ka House,NA
Sb Sy zyda Gandy log,A
Over hai bohat,NA
Shukar h jo aj in girls ny vlog k lea room saf rakhy hn,NA
Apki awaz boht buri h,A
Over faltoo,NA
Hira or fatima ka,NA
Sb thk h but Apne Quran pak kdr rkhe hwa r Jay nmaz kdr h,NA
pakistan main itni ghurbt h ye nai sochta koi k unki mdad hi kr di jaye Allah isi liye to kehta hai main de k bhi azmata h le k bhi,NA
Kenchi ki tarah zaban chal rahe hai baji thOra sans bhi lO,A
Jezz bezos ko urdu kb sy aany lgi,NA
Asif Ali legend ha hamra Allah usko ainda moqa na dy Pakistan kly khelny ka Ameen,NA
begarit ho tum log tum say bara begarit nahi deykha aj tak zindagi ma ,A
Nai hmre trha is bi jazbat Ka izhar Kia Ak Pakistani ki trha,NA
Mil gaya jani,NA
Kis match ki kahani suna raha hy ye,NA
Asal maza zainab abbas k sath aya bsdk,A
Aapki bardasht qabil e deed thi,NA
Bhai rahat ali ne catch chora tha,NA
Sheheryar Karim is tarah k bht sary reaction kl hny,NA
Yaar yh dr nouman niaz jaisa lgta hy,NA
chutiy idr aaa tu ,A
louro had par na kar apni ,A
Jeff bezos ka Bhai lgta hai,NA
aslamu alikum brother islami bhi ,NA
Legend,NA
Yeh abhi tk ganja hi hai,A
Love it,NA
got famous without doing any chichorapan... ,NA
Jeff Bezos hahaha,NA
Rao Abdul Rehman Ibrar Hussain friend,NA
Duaa Ahmad love reacts only,NA
Respect ,NA
The reason behind that tick at the end of his name is none other than Asif Ali ,NA
Jeff Bozo,NA
Great guy,NA
Legend Farman Khan Colorfull Gems,NA
aby,NA
Agr wo failure accept nahi kr rha hota toh records aur achievements uska kuch alag dikhta woo teri tarah dosara ko troll kar negativity spread kar apna ghar chala rha hota alawa kuch karna etna time rhta tumlogo ka pass debate karna troll karana dosra ko lekar,NA
Chirag Vig Randa h ye sala,A
Mian Ahsan apna failure nahi manna bhosdiwlon ny,A
Zeeshan Maken love you aa,NA
Muaz Ahmad luv u,NA
"boss boss, ye kia",NA
shera na luv u kar diya,NA
mujy kab asy lub u krny ka moka milay ga,NA
Bhai kch ziada nhi hogya,NA
yeh kia chal raha,NA
peechy ooo,NA
tera wali to mnt m khul gae,NA
Thk keh rha bhai,NA
Ye sara masla to us ne banaya hai... lekin bnda kuch bol nahi skta,NA
Lora mera sab k sab dally he ye saysata daan,A
Beshak yeh Qoum Ab dollars k liye phr apna khoon behta dekhay ge,NA
Schai to ya ha katiya pathan v ab muhajiro ki tra rndi rona krny lg gy han,A
Bewakoofo Jabhi wo mulk me gus rahe Apne qadam mazboot karhe thy Dollar Nikal rahe thy Ab jab unka gera tang huwa to yeto Hoga Mulk dushaman fitna niyazi,A
Ttp ko Nawaz sharif ne mulk m basaya tha,NA
Ap ko kya khoon tu hamary pashtuna ka hain,NA
Agar Sach he tho acha howa pakistan me reh kar pakistan ko bkws krty thi BKL iski mkb,A
Bhai yeh hi hota hai zabardast,NA
Bhot acha laga deikh kar,NA
Yeh kb ki video hai,NA
Jo apni bachi tasleem ni kr sakta wo Riyasat e Madina kii baat krta heh,NA
Ye koee Jähîl aadmi hee hoga jo ye bolta heh k Nawaz Sharif kii wajah se test ni howa tha,NA
Us nay bataya ho ga kay naha bhi lya karo,NA
Shakal say hi mian sab kay supporter lag rahay ho,NA
Kona Sa Hath,NA
"Tum ne hath nhi, shaid tum ne kesi pathan bhai ko apni ""Gand di"" thi",A
aus din ma ny yehi Kiya tha,NA
ab to roz ka ho gaya,NA
Maintenance to a sY kaR raHy ho j sY Gand marwai ho,A
Acha lagta ha hath ma us na apna ???? da diya tha tuma,A
Tezab sy naha,A
Youthe ny Lora tu ni pakra dia kahi,A
Waqai apne najaiz baap se hath milane k bd to tm log ko zehr se nahana chahye,A
Adam Awan Bhai yaa tu apny Khan Kay sath dhokah hoo Raha hai us ki following 6.2M hai or ya 4.3M Bata Raha hai,NA
sharam kro MOHRAM HAY LANAT HOO,A
Farooq Khan sahi darma hai yara qasmy,NA
Na beta naa,NA
Khuda apko gark karay matam e Hussain py meme banaty ho sharam karoo,A
Kutii k bchy post share krny wale,A
Meri hania esi nh he me surf khaluga,NA
Sami apni pinki dekh le,A
bai yeh mansehra mei kya ho rha,NA
Condom k sath bachi b agr den to pakage bura nhi hoga,A
BC condom free han bachi to free nhi,A
bai yeh mansehra mei kya ho rha,NA
condom to theek hai inko bolo koi bachi b dea Sath,A
Acha hai me andha hon,NA
Add hi hai na bhai to add hi samjho invitation nai . Gaari dalo dosry gear main or nikalo agay shabash,NA
Ae ki begerti hai,A
ALLAH na itna paisa sa diya han to ak ummrah bi kr lo ja ka pori family ka sth,NA
Bhai i like your video or mai ne ap ke chanal ko like bhi kia hai,NA
Hai hai muneeb bechara,NA
Muneeb Acha ha na karo basti es ke,NA
apny uska rape kea,A
Muneeb sy pyr kiya kro bhai,NA
Mara bahi la lo mujha US ki koi zarorat nahi,NA
Aisa harami paida kia,A
Topi,A
Topi,A
yeh dunkey bhai kia ha,NA
My hazir hu bai,NA
Allah ap ke mama ko lambi Zindagi da,NA
Waither say chuss Is ko rakh kar kia karna ha,A
Maa chuda naw phr,A
Purii family acting ki badshah hai,NA
Ducky Bhai Chas A Gai hai,NA
Mjhy ducky jesa bada bhai chahye,NA
Ye ducky bhai k page be ni hai ye koi aur chl rha hai,NA
Ducky Bhai I miss gta5 video please reply MA HR vlog dkhta ho,NA
Ja oe khoti dya putra janwar,A
Muneeb bawla,A
Ma hu,NA
Aunty ny thek kaha ducky ny bht basti ki us din muneeb ki or uski apni self-respect hai bacha bara ho rha hai acha kya k cycle la di,NA
Ap bht hi batamez hy ducky sb respect ur brother,NA
Masoom ha muneeb tari Tara shoda nai ha,NA
Ni,NA
Ap ki Ami boht achi han Allah humsha an ko khush rkha,NA
Hn ducky bhai ma hu,NA
Mery pass hai Ducky Bhai (CARRYMINATI) KO LY AOU BHAI,NA
Meri bhai hai sir,NA
do sal wiat kar ka moter cycle la lata wasy hi kotha hu gay hai itna bara,A
Muneeb ki glasses to change krwa do,NA
Ducky Bhai,NA
May ho sir ap ka chota bay,NA
Mn hu,NA
Bohat maza. Ata ha apka vlog dekh ker,NA
Han Bhai Mera Bhai ly lo,NA
Yaar aapki Ammi ne bahut acchi baat ki muneeb ko lekar,NA
Ducky bhai ,NA
Hn Bhai,NA
Itna bara larka or cYcle,NA
Ducky bahii ma ap ka BUTH bada fan o..... Moja APNA chota bahii bana lo,NA
Ducky Bhai Qazi Sadam Duky bhai ka Chota bhai Here,NA
Baooo Rami raja g,A
Mair WhatsApp number ho,NA
Ma ho na,NA
Assalamualaikum Bhai Inhy nechy sehen myn rakho ye ghaas myn Khush rehty hyn jahan py ap ny rakhyn hyn ye jaga in KY liye Azab hy,NA
Mujy Ly Lu BrUh Apna Chota BrUh,NA
Han Mara Bahi to nai mujy lay jao,NA
Mara pass h jutt chota,NA
Ducky Bhai Muja Apna chota Bhai bana lo,NA
Yre itna Mazak urata ho Bhai ka,NA
Ap bhaira town me rahte ho,NA
Daf ho,NA
"Koe reh to nae gya Jo social media pa nae aya Icke lolu family ka.. saas, susar Sb ko la aa lolo",A
Geo shezado koi maera bhe youtube chanal subscribe kre ga,NA
Kia fzool content,A
Ab iski seat utar or iski chakar dy,NA
Mjy ap SE Aik bar Milna,NA
Oooo Bhai my keh na too nai Chahta per mistake hoi Hy aroob API ki baaazooo KY ander gand land,A
Wady bharwaly hy sary,A
Khubsorat kitna hai ye mUneeb g aNd hello g allah,NA
Mota nahk SAB ka,A
Madar choad ki nasal apni ma ki vedio Ku banatay ho,A
Allah apko bht kamyab kray bhai,NA
Main ap.ka bra bhi ap ko roz dantonga,NA
Dukey bhie munbie,NA
Chokri yavyo bandy Dy putar Bann Jao keyon avyn awaam no phudu bnaya Hoya tusi kanjro,A
Chotiya,A
Ducky bhai khyl kia krw choty bhai ka… choty bhaiyooo kw bara man hota h bary bhaiyOoo p,NA
Mujhe zalel kr le bhai bht experience ha mery pas zalel hne ka,A
bhai mujay app ki mama ki bari achi lagti ha,NA
bhai jan MashAllah aapka dil bohat bara he jo gifts dety ho or ye suit bohat he ziyada pyara he Allah apko bohat kameyabi dey InshAllah ye gift mera nikly mera next week umrah ka flight je or waja jakr kaba shreef me pehen kar jaun or bohat sari dua bhi karu,NA
Mai aksar ap sy puchta hun ap btati hi Nahi,NA
app wesy bi boht kohbsorat ho ma Sha Allah se,NA
me Apne Abu se bnwa lungi save krli mene,NA
Kon c jga hy ye,NA
I need work kasy contact Kru please please sister,NA
g api please mujy bohat zyada need ha,NA
Kya howa ha sister,NA
ham apky hain kon movie name,NA
abhi sa ya hal ha mashaAllah,NA
cute teacher Allah pak Khush rakhy,NA
kya baat hi,NA
phr iski age 25 kese hui khud ye interview me bta rhi thi ya rha tha,NA
ma to us time peda hi hoi thi,NA
main paisa bhi nh hua tha,NA
pori vedio dekhny walo Aslam alaikum,NA
iski jaga Mai app sab se muafi mangta hon,NA
piche staff boy bri mushqil sy hnsi control kr rha h bechara,NA
mauj bi ya carem lini ha api or kiss tarha bajo gi ma tanda sy bat kar rahi hun,NA
Allah shiffa tndrusti they InshaAllah,NA
Allah Pak sehat wali lambi Zindagi dy inko,NA
waisy kiaa hua hai inko,NA
allha pak sehat wali Zindagi da AP ko ameen huya Kya hai mare Bhai AP ko,NA
Allah pak in Tino ko jannat m aala makam ata farmay ameen,NA
mujhi to ajj or ab ise waqt pta chl gaya,NA
kya sachiiii qasma manu nai pata si thanks batana ka liya,NA
me to abi tak 1st waly ki tarha p ti hu,NA
abhe abhe pata chala vadio dekh kar atni masoom ham,NA
meri beti KO b genetic h ye msla meri beti m Jan h hmari 3 year ki h,NA
mena liya yellow ma binseed Ka 3000ka,NA
aj dance nhi krna,NA
kya huwa h inko plzz bta dayn,NA
ye kon ha or is ka kya matter ha,NA
ya Allah pak sub ki betiyo k naseeb ache likh de ameen Suma amen,NA
koi achi update nhi de skti Kia,NA
mary hum safr drama name,NA
ME BNA DETA HN SHADI BHALA NAA KRE,NA
or han meri nani ko na mekup ka pta h na mobil ka or hume rishte ki b talash h,NA
mujy sarf whatapp chlny ata baqi makeup ni Ta,NA
Bahain pr tu Jan qurban yeh to phir paise hain,NA
sab bhaiyon ki bahan salamat rhay our laty rhay bhaiyon Ka haq sab zhada hay,NA
Bhai hamra sath tu Aesi batin Bhai nahe krta,NA
Behn tu Behn hoti h jski Behn na ho unse pcho Behn kya hoti h,NA
kbki sale h api,NA
only hand painted duppatta Mila ga,NA
Bhai pichy wala black dress dikha dain please,NA
ase duppatta Kisi KO banwana hai ya Jo bhi designing,NA
Silent mein kar do,NA
Silent mein kar do mobile,NA
Kisi se pooch lo,NA
nand kia hota ha behn b to bol skti hn ye oraten,NA
ispegheti cook hony k baad wash krna chahiye ya ni,NA
bhai shop ka adres kya hai,NA
happy bro buht mehngy hain lgta h khwahish hi Reh jani h Meri tu,NA
600 ka ADNAN GARMENTS Korangi,NA
memon masjid k samny hy ya pichy gali m ya tu batu,NA
ya kis saher ma hua ha asa wakiya,NA
ap log prise q nhi likhty sath me,NA
Me sale karna chahti ho apne baby ki,NA
aye mary Allah ya mujy day do plz mujy 15 sale say oulad nai ha plz,NA
ye muhbt ki almat nhi Hain I think in py asarat Hain,NA
Ye bhai bimar lag rhy h Asi mri cuzn ki b halat ho jati h Allah pak shifa dy Ameen,NA
Bhai ap log sai ho hm sy to Saal bd NH hoti,NA
ye bataye itna paisa kaha se aya,NA
Sabar waha jaha sbsy mushkil ho aur allah ka shukr aisi halat me jb mayosi peek py ho Allah apko sbr dy,NA
location kya hai shop ki mujy aj he chahye,NA
life mn tensions ko esy ignore kro jesy sbb makhiyuu ko kr ray,NA
Bhai etna Acha khana mashallha qn dehkte ho,NA
MashaAllah Allah pak isi trha apka ye dstarkhan sjay rkhy Ameen,NA
ap ki aik shop multan honi cheya,NA
Islamabad mn available h kya hmary table ko b cushion mn convert kr fdn,NA
meri beti ka weight 22kg 4y ki hai she is healthy baby gir to kya os k iye saahi rahy ga,NA
mai nay 10 bar dekhi vdio sabb ko alag alag note kiya amazing yarrr,NA
Allah ap logo ko happy rakha,NA
phir kehty hain hamy haqumat wly bachany ni aye,NA
bhai ap galat kadam utha he lo,NA
buht bori bat hai Kisi ki achaia bi yad kar Lia kry,NA
qasm s bilkul Sahi,NA
mri mother in law b yahi khty Hain muje,NA
Sachi bat hu sis apni Ami sy pochna pry ga order kaisy kia tha humy unho ny,NA
Meray pass b ha ya or pehli bar ma b dar hai thi,NA
ek dfa mei bank road saddar gyi mery 7 bhe yehi hua tha my mom said to me ullu ki pathii,NA
so nice beautiful mashallah hamesha salamat Rahe salamat raho hamesha khush raho mere pyare dear so bhai,NA
agr yh kapron wali h to kabi na khain yh makhn or agr yh bus makhan k liy rakhin h to phir theek h,NA
chachu kabhe chanda bany hi nhe maun to bhag partying hain har duke m chachu ko 10dafha khy bhe do to kuch nhe krty,NA
Bhai Sirf yeh red Wala suit kitny me mile ga,NA
Mashallah Allah pak bs naseeb achy kary,NA
Shahtaj or Danish sir ki same dress,NA
mera dil krta ha mn apky ghar ayun mjy ye  bht psand ha,NA
sis hmm app KY Sath hn,NA
ye songs sirf BTS army he samjh saakti ha BTS army hazeri lagao,NA
mazk main b shohar ko thaper Marna ni jaix,NA
Bhai dubatty ka colour dark nai lg raha dress ke nisbat,NA
Kash itna sa gar Allah mjy b dain Jo MN apni pasnd sy decorate kru,NA
phr na khena tur gy yar mohabbata wale,NA
Allah Bhai ko bht si Khushiyan dy Ameen,NA
ye larki kahi pe dekhi dekhi lag rahi ha,NA
Allah aesi Dulhan sb boys ko dy,NA
Allah pak aise dullhan SB lrko k naseeb m kry Ameen,NA
Allah pak muje b asi beti dy ameen muje bhttt khwaish hai beti ki,NA
bhai please price bta dy or order kasy karty hen,NA
muja b night cream chaia plzzz Thora prize m ma zada paisy folid nahi kr sakite,NA
price btay please btay please btay abhi reply,NA
ya mashin kitny ki ati ha,NA
Mashallah Allah pak naseeb karain rehna ameen,NA
kaash hm ameer hoti ye rom hota bs greeb hn qsam sy kb allha pak dyga hm ko b ameen,NA
Bahi is room ka vidu to bijo ap ki mer bani huge,NA
Khud kya krta hai gaalian fahashi ki batein?,A
Bari naaso waly ki bolti bnd hogai haqeeqat sun kar,A
Parani video hai ye,NA
Dil jee Lia Ya Bhai,NA
19000 dollar mily ducky ko ye bezti krwany k,A
Bgret an asal baap k hatho ma a gya tha,A
AB bhonk Ni Rha Ducky Khusra SaLa,A
Ise kehte hain chittrol wo bhi samne bitha kar,A
Dadoo charger ka moo dakhna Wala Howa h,A
Ducky bhai kch kehna chahe gay ap jo kch huap,A
Bht changi ki is ki dicky ki,A
Cha gaya,NA
Yousaf bahi howy,NA
He can't face downfall still he has a wife to show,A
Both are same both are showing there families at peek time,A
Sham idrees was right he is not ducky bhai he is tatti bhai,A
Ducky chose the path of crime. He bullied families,A
First they mock then they copy. Hence proved,A
Now ducky is loosing his followers very speedily,NA
Ducky is such a shame,A
Ducky is not human,A
Ducky is pimp is own wife,A
Boycott ducky,A
Ducky Bhai unsubscribe Bhai,A
Finally woh cringe insan ab YouTube aur har jaga se ban hou jai,A
Waiting for the downfall of Mr ducky,A
Ducky is a criminal and horrible person,A
Ducky k mun py lanat pari v h sb isko report maro,A
Report rajab family also,A
Ducky is pathetic he seems mentally sick,A
Now it's your turn,NA
Who cares,NA
Ducky to waise zehr lgta drama baz ye log,A
Ducky k mun py lanat pari v h sb isko report maro,A
Sham Idrees has finally revealed the truth,A
Boycot ducky,A
Unsubscribe and report ducky channel,A
Duck aur Rajab jo logu ko mar pit rah unko kidnappe krwa ray,A
Ducky used to roast Sham and his wife and then ducky got married,A
Lanat ho ducky py b or in jesey sab py,A
Sheraz Butt please do video on this issue,NA
Kiya mai akeli hun jis ny inki koi youtube video nahi dekhi,NA
Ye banda bs natak hi krta hai sham raat jo bhi hai r dobo hi bakwas hain,A
Report karo saryy,NA
Jb inka ye srama chl rha tha shahveer jafery ny ducky ko zada ni suna cz he know who was wrng,NA
Bachapan sy Aik story sunty aye hy k aik badshah ny apny wazeer ko bola kuch aesa likh k do jisy mai gham my parhu tou khush hojaun aur khushi my parhu tou ghumgheen hojau tou wazeer ny likha yeh waqt b guzr jaye ga,NA
Just like 2 wrongs don't make right similarly ye 2 kuss ke cxhoday doesn't make sense,A
Alhmdolilah i never follow these kind of ba haya begrat ppl,A
both are waste,NA
Tum dono Dufa ho joa,A
I hate Ducky Bhai love to see again Sham Idrees,A
Shabash kia kam ki post lagai hy,NA
Report maaro isky channel ko sb,NA
Duky lynat ha tujh pay oya,A
Sham idrees never did such a stupid stuff like ducky aka tatti done to his wife in his vlogs so don't compare tatti with sham bhai,A
Ducky really is a disgrace to our society,A
Mujhy kahna chahiy ya nahi es ki shakal naam na layny walay janwaer say milti hai,A
Ytuber hm sy he bn k hmri nasal ko kharab kr ry hain acha hy k ducky ko unsubscribe kr dia jye sab ytuber tiktoker ke aqal thekane pr ajye ge,NA
unsubscribe and report all family vlogger Ap Sub ke pas bhi ajha muka Hai in besharamon se Jan chudwao,A
Jb tk ducky ki bivi zinda hy downfall ni aa skta kiu ky mere tharki dost hamesha ready rehty hy tharak utarne ky liye,A
Ducky to shuru se he khanzir lagta hai,A
Who tf care about these clowns chapri youtubers and chapri audience,A
dono mere pe,A
Es bhen k lory ko ab Bolna tha 7 sal pahly Kyu ni bolaa,A
sham idress jasy log jothy hoty hy asi ankho wly zareely fruad hoty,A
Meray Haram Kay ducky ko kio tang na karay please,A
Ducky kutta,A
East and West both yt yaddi dy,NA
Awam b sai chotiya hai 2018 m ducky ducky KR rahy thy ab sham k utha ry Hain,A
dono he begairat hein differnce kiya dono mein wo b apni biwi paish krta tha yeh b krta so differnce kidr hai,A
Ye Dono hi time Ka barbaada Hain,NA
Ducky legend Banda hai apna gamer roaster Bhai hai,NA
Dukhi ha he ganda bnda ha,A
Dono aik number k harami hai,A
Banda in dono ka muu tor de Dayuth,A
Dono hi kanjer Hain apni biwiyan dekha ke paise kamate gain bus us content Kya hai dono ke pass,A
Garbage vs Ahole,A
Yah sab dalay 1 jsy hotay hy Haram khanay,A
Ducky Bhai aik gnd hai is ka bycoat kro is ka resturant ka bi,A
dono hi laanti hain,A
These are all chapris,A
Ducky Bhai bara hi koi begerat or zaleel nikla,A
Kya bawaseer phela rahe ho,A
Ducky Real life ko GTA 5 samj raha ha,NA
Unfollow donkey bahi,A
Ducky is a hole and stay hole life long,A
Islam ka Dushman DUCKY BGHERT Hijab ko bura keh kar apni family ka nanga nach logo ko dkhaya,A
Hamza Javed Still ducky k gandhy Andy hongy yahn Jo Kisi surat nai manaingy,A
Hassan Ikraam ducky k bas biwi hh dekha k pesy kamao daally youtubers,A
Tujh se bura koi nahi,A
Mujhe samaj nahi ayi ye video,NA
Chor Wazir-e-Azam ban gaya,NA
So hate what he does,NA
Finally the tokertiks have done one good thing in their Life,NA
Such a wonderful news every Pakistani waited so long for this,NA
pheeki baatain krnay par mara ho ga,A
You used to make fun of them by calling them Chakka,A
Nobody got d right to roast others,NA
Good news ! You deserve it bro ?? hopefully your gali gloch videos will turn descent someday,A
Ye isi laiq hai,A
jan sy q nahi mara?,A
Wesay sawab ka kaam kia hai,NA
The action of those tik tokers is highly appreciated!,NA
Tiktokers doing good deeds amazing to know,NA
This man's thanda joke has no more audacity in public failed,NA
Right now Badla Brother and Shahmeer Abbas are beating him too,A
Acha kia Tati admi ,A
Koi tu acha kam kya,NA
Unka bnta tha ,NA
Iski shakal hi maar khany wali ha,A
Maza aagaya,NA
Khusron sy pit gaya ye b koi zindagi hai.,A
axha kiya,NA
Acha hua.,NA
Pei bar tiktokers ne acha kam kra ha me tu kahoga ek bar or peeto isy or video bna k daal do..,A
Tahira Abdul Hakeem Oo bhai maro isy maro,A
"Tuba tuba ab tiktokers lulli Kat ky badmashi bhi karny lagy, qayamat ki neshani hai babu bhaya",A
okat sy bahir na niklo fyr agr permission k bghair krty ho.....lanat k mustahiq hyn jo is k fan hyn wo bhi....,A
Shukar kar Zinda chora hua hai tujh jaise cheeez ko,A
maakichu is ducky ki bhi aur us tiktoker ki bhi,A
Bht acha hua. Roast krny py ni balky roast k nam py Thandi chussy marny py mara hoga.bht acha hua.,A
Tiktokers se kutt kha aya,A
Ducky bhai jani sham ko qoueta hotel py milo me or fawad aty,NA
Ap bh Ducky waly hn ,NA
Ye glitch ha Ya likes real hien? Ali Fawad Raza,NA
Hn bahi lag gya hai pta,NA
"Feel the difference all over the world YouTubers are popular coz of tech and in Pakistan ducky bhai, fake prankster, family affair vloggers",NA
"He's doing the same thing on which he roasted sham idrees. There was a time I liked his content, pr ab sirf disappointment hoti tbh.",NA
"Heartiest congratulations to him, but daily vlogging k chakkar mai apni family aur wife ko dikhana is not good same thing maaz safder aur baki vlogger bhi karte hain jispe junejo ne bhi awaz uthai thi but hum apni moral values bht pehle kho chuke hain",NA
"One point you missed man, he bring his wife on social media which boosts his popularity ??",NA
Congratulations to him. Hmari weli awam pass qoi kaam nahi vlogs dekhny k ilawa,NA
wo tou theek hai but hum se byghairat ni bna jata paisa kamany k liy. Mazrat,A
Nice ducky bhai big tatta,A
He and most of the pakistani youtubers are a motivation for us not to give up but have dedication and focus on your goals to achieve them,NA
pesa insan ka chehra hi badal deta h,NA
Foolish person on earth,NA
Apni biwi or personal life ko rooz delta ha wo kia ha?,NA
Ye koi success ni hai blkul bhi baki shyd ho skta ye fzol admi ksi fzol logo ka hero ho,NA
Bukwas Kase kameeni shakl bna k rakhta ye,A
Phudu laga howa ha is bandy kaa that’s it,A
Aisi gt sy cycle achi ,NA
Jahil insan bolnay tak ki tu tameez nai es ko,A
Mashallah Mubarak ho Bhai ko,NA
Lesson is good but story isnt we shouldnt promote such content creators. No gain of knowledge and skill from such videos simply waste of time and they are earning money by wasting our time.,NA
es bndy ny adhy pakistan ko galiyo p lga diya..cheap content h eska..,NA
Mazay ki bat I've never seen a single vdo of him nam suna tha per kabhi koi vdo samnay say nahi guzri,NA
ducky bhai ki wesy 1 chez bht achi lgti mjhy wo ha uski bivi,NA
"Caption should be, “kanjar dalal nay bv ki kamayi sy khareedi e-tron”",A
Koyi bhi ly skta hai agr biwi dikha kr woh sub kr kr paisy kamayein jayee toh duniya ka sub sy barha admii mai hun,NA
Bhai what's that achievement??? Bhai ap k content hain kia biwi show off us se pehle roasting nam per galam galoch... Is trah tu jitnay drug bechtay hian un k bhi appreciate ker do,NA
Logo ko galli daiky double meaning dialogue maar ky biwe ko show krky washroom kitchen sb dkha ky kmayai hraam khoor,NA
Ducky pa g kaise ho,NA
MASHA ALLAH ALLAH pak ap ko bhot tarakki de or ap hum jasay garibon ki madad kain ameen,NA
Ducky Bhai Masha Allah stay blessed,NA
Dakii Bhai Chass ly gy ho ap yr,NA
Mashallah Allah pak ap ko oor tarakihi,NA
Ye koi success ni hai blkul bhi baki shyd ho skta ye fzol admi ksi fzol logo ka hero ho,NA
"Aiween karna MBBS, Engineering, ACCA. Do some specialization in Bakchodian, and The AuDi is yours.",A
Rizq halal tu nahe,NA
Herat hai hamare dreams haram ki kamae se lii gaye car hai?? YouTube income is based on advertisement. Ye dikha k paise kamana yaqeenan haram hai.,NA
Aaye bhai total bijli total bijli kch bhi,NA
Is ki ma ko ln st is ki znani ko bhi,A
Logo ko bawaqoof banany ki achi koshish ki ha,NA
Chawlein mar kr audi leli nyc achivement,NA
Great to see another super kanjar of Pakistan,A
Mazrat jo baat dil ko lagi ho,NA
Kanjar dalal nay paisay kamaye,A
Ap ki biwi famous kar rahi ha apko,NA
Roz ki family ka content daal kr kama rhe ho,NA
Mubarak ho magar kaam ka acha nahi,NA
Beghairti sy famous huwe ho,A
Ye log hamein phudu bana ky ameer ho gae hain,NA
"Bohot sary logon ko bivi dikhany k baad bhi views nahi mil rahy , darasal ye un logon ka star ha ",NA
Fazool tureen log...,NA
"There is no achievement in it, he did it by spreading vulgarity and nonsense.",A
He kept doing begarti and still continues while inspiring others.,A
 Hram ka pesa ha jo marzi Goal bna lo,A
Aban Siddiqui Teri ma ki chot,A
Allah Hidayat day.. Galiyon ki dukan ko hero samjh rahy ho,NA
Kanwal Shahid Khan Allah pak nazar sa bachae logon ki bht jal rai hai,NA
Faisal Waqas He has no creativity except abusing and body shaming other people.,A
Isha Isha Vulgar language use krty hue career ka aghaz kia Ye log role model nahi hen pls,A
"Asif Ali Galiyan dena,cheap harkatain krna aur bv ko content bna lena successful h to is success pe laanat beshumar",A
Mahnoor Jahanzeb You forgot to tell about the beautiful words he utters from his mouth thus increasing vulgar vocabulary of youth,A
Rabia Wajid Ali You forgot to mention about using filthy language in the name of roasting,A
Wajiha Ansari Lanat ha or Allah kare ye sub you tubers barbed hun,A
Sabih Mahad Chutiyas like u promote this kachra and portray easy cheap money as SUCCESS,A
Quratulain Nisar Allah iski baatain karnhay k tareeqa Banda kheta hai samnhay hoo raakh k chupair aik iskay moouh par maarhay banday,A
Ali Bin Uthman He made this fortune by abusing others and by showcasing his wife.,A
Majeed Ye kon ha 5M kutty k bchy,A
Hamna Khan got his dreams by abusing teasing making fun of others and bullying others,A
Anum Fawad literally making money by barking profanities,A
Saira Maseer Hasan He is so cheap,A
Talha Khan I dont know why our people makes such persons their ideal?,NA
Laila Khan I don't even know this guy..,NA
Junaid Javaid Yeh woh aadmi hai jis nay baygairti or gandi zuban use kr Kay apna shumaar gandy logo mein karwaya,A
Chan Gozi Pehla YouToober galian de k audi le li,A
"Ch Shujaat No talent, abusing others, showcasing wife for views.",A
Alijaz Ahmed he was good until he became what he was against. Chut content produce karke banda apne ap ko hard working nahi ke sakhta,A
Morrons watching a morron doing morronic stuff.,NA
Lanat hai Aise paisay per jo behodgi phela kr galam galoch kr k qamaya ho.,A
Roo Ni Koothoo Aur tiktokers ki kamayi ma koi khas farak nahi dhunda dono ka aik hy ha,NA
Shame on audience,NA
Sohail Abbas Ghatiya content bna k view lene kamiyabi nhi,A
Matlab what a focus that you roast ppl n wow you will her famous n money. How low mentality of ppl are wow,NA
"Maria Ali ducky bhai jahanumm mein jayeingay, ap followers bhi gaalian daity daity inky peechay, bus Yeh consistent nazar arahy hain, kuky audi lailii, bhai firaun aur karoon sy ziada khazaana tha kisi k pass? ? shaddad jannat banali? ? kia naseeb hua? ? kuch sharam karain, kisky peechay lagarahy hain, they are your ideals!",A
teri itni bhsri nahi tum chaat mera lun ,A
Muhammad Mhmd Gaaliyan+music+bv ki numaish ki Halal kamai say achievement,A
Ali Sohail So? Jaa jakay bund mara,A
Syeda Hira Fazool and farigh tareen insan,NA
Ali Rajput Logo k bkwas bol bol k gari ly li galaya nikal k glt bol k asa chep banda ko b log dekhty heran hon,A
bobay dekha or bivi key boobs,A
Zia Khan So apko kia mil gaya Lanat apki soch pay,A
boobs bho baray hay or piayry,A
Baibo Sheikh Just rubbish honestly,NA
Haroon Mehar Big chutiya,A
Bilal Butt Apnah Emaan say bataen galiya dena logo ko... Vulgar content gheebataen karna or Pola Record Jasay bando ki trhan begairtiya laga kay famous ho kay paisa kamana. Ap ni wife or family ko on video la kay personal life logo say share karna kis category may ata ha..?,A
Memona Akram Halal rizq????,NA
"Rabia Nasir Rubish content for free, useless people",NA
Ali Sohail So? Jaa jakay bund mara,A
Imran Khan jo log mashallah bol rahe hain shayad unko haram aur halal aur jaiz najaiz ki tameez nahi hai... meri nazar mein ye diggy ek jadeed dor ka digital dalaal hai,A
 Ye dunya ko tamasha na na betaaa g ye dunya ak bht bara imthaan Hy Jahan Reh kr Haram khanay par saza di jae gi or halal khany par hisaab,NA
ya chuchia bhot piayari hay ap ki biwi ki ,A
Mashallah,NA
Mashallah congratulations,NA
Ilyas King bachya sa d khyl dy,NA
Allah Mo Kamyab Lara,NA
Mashallah,NA
Mashallah,NA
Kamran King Alka da zay maloom ka,NA
zabar10,NA
Jab tak zardari aur nawaz Sharif khandan zinda hn Pakistani qome ka koi mustaqbil nahi,NA
Jo tum log katy rahy ho woh yaad karo ek bar,NA
Bibi qabza group ki master mind.,NA
Agr mrny walon ko insaf mil gya to smj jain Pakistan me koi kanon hai puchny waly hen hak py faisly hen agr mazeed juthi reports bna k mrny walon ko he gunhagar thera k case khtm ho gya to smj lo taqat sirf pesy me hai bs,NA
Agr wo shadi shuda ni ta 2 unk sath yhi bnta ta zina krna walon ko sangsar krna bnta ha ya 2 asan moot di ha unhain,NA
"Acha howa koi aor Kise Ki izat ke bare sochy ga To os zahen men yhe bat Zarur aegi ky har shakhs Kmina nahi quch ghramnd Bap ky ghert mnd bety bhi He is mulk ,pak me",A
Zila kashmore Sindh bhe Pakistan m he khudar yeha reyast ko bhe action lena chae.dakon ne jena haram kardeya,NA
Hhhh shhbazu di apri bhtiji Bhj ky shadi kiti is ko kia Malum ghert kia cheez hoti hy,NA
Pata nhi chal Kia raha hai r banyga kia..,NA
Adnan Raza 2number news chanel ?. Saaf saaf kahu na molvi n madrsay m qatal Kiya h . Ziyadati k bad ?,NA
"Bacho k online classes dilwaey apne samney bheta,kar .....paise lag jae gae but app k bachey k jaan se tou. Nae marey ga",NA
Mashal Wardag Hmara alim janbahaq awr tumahara hera mandi wala shahed yhe paraq ha pokhtano awr panjabu ma,NA
Nasha Awan Pakistani mardon ko shadeed nafsiati ilaaj ki mulk geer zarurat hai,NA
Skht taklif me ho aaj Afghanistan Troll Cricket,NA
Itna hassad kyun krty ho Pakistan se.,NA
Mayyat ka sama hai paros main ,NA
Ya hota jeet,NA
tareekh main sunari alfaz sy likha jay ga Pakistan team whaid asi team thi jo harati to ek team ko thi lakin mirchi sath 2 or mulk k logo k pichwary mn laga krti thi,NA
Fakhar abbu ko bhol gaye?? ,NA
Chxd khud gya bechara india,A
Suba hui tou pata chala Pakistan ny gand mardi h,A
But humny to rat ka bhi wait ni kiyaa din dhyary xhod diyaa ,A
Gando log raat me eee hmla krty ha abhi to ap ke sawagraat manaye the or ab ap logo ko waleema be dekhaye gy in shaa Allah Pakistan zindabad,A
Kyube mari nhi kya be abhitak sharm se?,A
Isko bhejo border par.. bol bol ke Pakistani targets tabah kar degi,A
Stop this butch pagal saali,A
"Tatti kar le MC, Qabz me esi awazen niklti",A
Daffaa Jao Gao muter Kay Sath Ashnan Karo,A
Gussa or chidan unko he ho rahi hai is bhen se jisko india se jada Pakistan se lagav hai baki vaah didi vaah pel diya,A
Chal chal pankha saaf kr phle bhut gnda dikh rha hai,A
Teri maa ki chut bkl Randi apni bhn chudne mere shmne aajati h sali desh ka sath nhi d skti to Kam se Kam utla to na bol bsdki,A
Sover key bachey apni najaiz baap asim kanjar munir ko bol,A
Badla bhi lena he last World Cup ka,NA
Aaj  v khudega pakistan,NA
Fuck you bloody bastard,A
Sover key bachey apni najaiz baap asim kanjar munir ko bol #ReleaseImranKhan,A
dil esa kisi ne mera todhaaaa bar baadi ki taraf moda,NA
awe aj father's day tha baba,NA
Beating india is hard than winning world cup for pak.. lol,NA
Hum bhi yehi kahte h.. India bhale Baki country se hare chalega but Pakistan se nahi... Tumse na ho payega.... India 7-0 proud to be Indian,NA
Pilai pkki hai,NA
Aaj  v khudega pakistan,NA
Kabhi bhi nahi,NA
Sahi hai,NA
Humm or pakistan ke dobaar hara bhee lete or final me bhi hote,NA
kisi k liye gada khoda aur khud hi gir gaye,NA
Apna gyan apne pas rkhe,NA
apne munh per hi thapar mar Ker Khush q horha hai tu bhai,NA
match important hai,NA
Ek din ka match h dekh lene do,NA
Match jyada jaruri hai aaj,NA
Huwa na Paisa wasool,NA
Ye match jada jaruri tha,NA
Bhag jao didi aap to vahan se,NA
Tum ko nahi pasand kya cricket,NA
Aaj toh Banta h yaar,NA
Lekin match toh badhia gaya,NA
Match toh important hai,NA
Lekin kohli ki century hai maaf kr do,NA
Aj to banta hai yr,NA
Ab chale jana ghum ne,NA
Ghumne kaha jaa rhe the,NA
Match bhi to jruri tha,NA
Kya baat hai,NA
"Not India, some Muslim dalle",A
Yeh sab gaddar laat marke nikalo inko,A
Isko pakad pakad ke maaro,A
Aaj isko sab dhoyenge,A
Banaya toh yaha chutiya ja raha,A
Underground hone ka time aagya inka,NA
Kaafi jyda fek diya tha abhi toh,NA
Ek side se aalo Dali dusri side se sona nikaluna,NA
Kon hi banayegaa isko,NA
Jayada hi fek diya isne,NA
Aaj toh ye gya bhai,NA
Nashedi hai bhai,A
Iska dhandha band ho gya ab,NA
Aaj iska bhi kam khatam,NA
Iska rona banta h iske baap ki bund mari h na,A
Audience ko Abhinandan ki yaad aagayi,NA
unka ghar to Pakistan hai. waha pe bhejna hoga,NA
Porkistan,A
Ab apun Pakistan ke YouTube channel dekhega,NA
This is what toilet cleaners of ISIS with names like Rafeeqh shafiqh faridh would look like,A
Keh k le liya chutar,A
tery chutar ma lun ,A
Pakistan country hi khud ek meme hai na bc,A
You should win you are a meme country. Your everything is a joke,NA
"Delete mat karna iss tweet ko , thode din mai khud hi rota hua tweet karega bsdk",A
You will still lose on ground,NA
waha pakistani kii awaam ke pass gandhone ka pani nahi hai aur isss chumtiye ko meme war mein first ana hai,A
Indian educated n job business wale log h beta porki tum bhikhmango ki trh nalle nhi baithe hua h,A
nd vs pak just 110 se bhi km k score pe hug dala padosiyo ne,A
India vs Pak is political matter and both countries are involved directly not like Aus who have nothing to do with AFG,NA
Best thing in this wc after india win vs pak,NA
Hey gulam aur chamcha bhai to phir unki abadi khtam kaise ho rahi hai kabul kandhar afganistan walo ko hindustan me kyo aana padh raha hai kab tak gulami karoge chamcho,A
To isme galat kya kaha usne sahi to hai Pakistan mai to Pakistan pehle ho hoga naa . Isme kisi kyon jalegi . Ha tumhari jarur jal rahi hogi wo bhi bina vajah,A
Good jaao tum pakistan khushali vaha hai isliye jo waha pe hai unko hi pata hai kya sahi hai kya galat wo khudlog bol rhe hai ki khush nahi hai 90% same ans dege even KPK vaale n POK vaale muslim bhi khus naahi hai aur tu jaake ek ki baat se maan gaye,NA
Nahi iske dukan mai koi bagwan ki photo nahi hai nahi iske kaan chide hua hai,NA
Yeh hindu bhai Umarkot Pakistan mei baitha hai jo aaj bhi hindu bahul area hai baki Pakistan ka kya hall hai woh bhi to bolo,NA
Yaha k muslims ko pucho woh bolenge phle hm muslim h fir indian,NA
Aandbhgthoo yeh tho Pakistani hindu nikla,A
Kash india ke muslim bhi pehle indian ho fir muslim ho. They support pak win in cricket,NA
Tum bad sorat ho tum be sharam ho ,A
Koi ha ni qasm sy toba is sparoo sy sasti khosri,A
Sami bhai ye bharwa hai kya cheez chutiya sa sahi iska roast sahi tight kr k,A
Mian g edi manji permanent q nahi thokty kuri yawa di,A
Yaar ye sala pagal hai ya jaan buch ke ye harkat kar raha hai ,A
Is haramzady k khilaf karwai kyun nahi hoti ye deen ka mazak bana raha hai,A
Bhai mujhe pata hai iski talaq hui kya thi lekin chhodo family hai warna main aise aise galiyan suna deta ise,A
Is haramzady k khilaf karwai kyun nahi hoti ye deen ka mazak bana raha hai,A
Next level kanjar a main yar qasam a kusra mangi thok ka rahk mian,A
Tuunn k rakho es penyak khussry nu,A
Rendibaz hai isliye talaq hua,A
Bro kyun is kutta ki maa behen ek ek karta ho,A
Hahaha pagal,A
"Shukar hai ye chiri ki choot mazhabi gharanay sy tha, agar ayaash ghar se hota to nangi toi lay k ghoom raha hota",A
"Isko talaq kidr se hui wesay, aur kitna serious hokar bta rha hai, dari moochain bnwa k larka dekh rha hai shadi k liye haha lakh di lanat",A
"Qasam sy yaar tu sawab kama raha hai, kyun k na mera tiktok account hai na use karta hu phir bhi FB pe ye chilli hui lulli bar bar ajati thi, ese hi roast karta reh is paicheeda chooter ko",A
Me to ek hi bat bolunga eski maa ki chut,A
Ye khusra kon aa,A
Ye chka ha Kon nakhra dikha Rha,A
Es chutia ka fan shemale Gmail hi hoga,A
Janwaron mein bhi gando hote hain aaj dekh liya,A
Sufiyan Ahmed Lodhi new gando agya,A
Yeah khusri kon hay?,A
Gaand mai ungli dy deta bhai is budduuu k,A
Duniya mein paisy kama ki new technology... G*nd pay,A
Ya BSDK bar bar mari feed min kion a jata hy,A
Yeh madarchod ko dekh k ghussa aata hey,A
Lakh di lanat,A
Ek ghareeb aur ooper se madarchod,A
Is LGBTQ walay khusraay ko Europe ki nationality in harkto ki wja sy asani sy mil gai hogi,A
Lawda bhincudh,A
"Iss tatti ko aur kaam tau nahi hai, sewai apne faltu video banne ke alwa. Khusra hai tau aur kuch nahi.",A
Behn kay ???? ki overacting check karo,A
Iss dalle ke bhi fans hen?,A
Yr ye Alex tatti k bad ab ye kya bawasir ha????,A
Madarchod jarur bolunga,A
Khusraaa Maayaak,A
Is pe b maa ny hawal banaya hoga k ghar beta paida howa ha,A
What the fuck is that thing???,A
Is khushry Ki vids Meri feed me kyu aa rahi bc,A
Ja lun kuri nu lynya,A
Chal dallah,A
Madarchod chapri,A
Sparrow apki maa ko lun,A
Teri mkc,A
Raja Naich Gadian chck kr chutye dian,A
Yeh apki bund marny aya ha,A
You call chaka,A
Sparrow ki MKB ,A
Sparrow bonda b ha,A
Bullshits. Stupid they are stupid ppl,A
I will call a cock ?,A
Your sister ki mc,A
Yea sala ullu ka pththa ,A
ALl parts available of imsha Rana isha & minahil Kanwal ki hy to ajao for exchande with Prof bsdk,A
Bari news di hai Lakh lanat hai waise Sharam aani chaiye k news k naam pe tum logun ko kis kisam ki news de rahe hoo,A
Horrible khusra,A
Badshakal shemale ko ghar wala kasa ghaltay hoga chaltaphirta khusra,A
Tmhare liye ladka khoje y ladki confuse ,NA
Tum ko shRm ni ati video banty hoy half man,A
Full kanjar lag raha ha,A
as usual kanjar,A
Ek baat to hai ye Hijda furtilla bahut hai,A
Haram ke pedawar,A
Allah ke lye ye knjar pan chor do Mar jana he phir lash ko kere makore kha jaen ge please Allah ke deen ki traf laot ao please,A
Sali aunty,A
Tun ohudii kutwesen tn rasen,A
Buss Karday Khaasii Khusrayyy. Itna Zahar mara Insan.....,A
Bhot barray begherat ho ap k bachay apko daik k kia sochngay,A
Ye completely hejraa hy,A
Ye kia morata hai. Behin chod. Over Acting fazol bakwas,A
Yea khusra ajeeb hai Banda hai,A
khusra,A
Dr she khan shemale gandu,A
ullu ka patha,A
Ganda,A
You shemil,A
Bonda,A
English khursa,A
Lund,A
shemaell,A
She khan,A
Cheap,A
Tatta,A
Ewwww dressing since,A
Ye shakal se hi nichhar lagti hai,A
Amsha sexy videos,A
Pakistan is the new PORNHUB,A
Ishma rehman full xxx,A
Ookat say bahar ho raha tha yeh chalo sahi ha dimagh jagah oay aega,A
Munh tor doh eska,A
Jahilon ka mulk hai Pakistan chor dena chahie,A
Is jaisay jitne bhi Pakistan mein khotay ke puttar hain sab ka sar ura dana chahiye jinhon ne mulk ki tahzeeb ko barah-e-raast nuqsan pohanchaya,A
Is beghrat ki hawa kafi kharab thi acha hua ajeeb chhachhora insan hai,A
"Woh to hai hi haram ka, tu bhi wohi hai",A
"Khudara ek dafa video dekh lo, kisi maa ka beta in molvio ke hatho maarwa do",A
"Bahut acha, ab isko hamesha jail mein rakhna chahiye",NA
"Ye beghrat insan, ajeeb chhachhora",A
is jaise jitne bhi khotay ke puttar hein sab ka sar ura dena chahiye,A
"Isko manji thokni chahiye, beghrat insan",A
Maseebat te marda te paindi randi ae,A
Abay tu londa hai ya londi,A
Be ghairat ladki toba toba Allah pak sab ko hidayat de,A
Us mard se bada namard koi nahi hai,A
behencho,A
Jinnah hospital banany walli beghairat queen,A
A truly shameless creature on this ,A
Koty.ke.bach.joth.bol.rhe.hy.tom.kaleja.chobhany.vale.dain.ho.maream.nam.ko.badnam.kea.hy.lant.ho.tom.pr.mokas.nam.ko.badnam.kea.hoa.hy,A
HAIN KAWAKIB KOOCH NAZAR AATE HAIN KOOS*,A
Bahot Zada,NA
Lahnat try ty,A
Beghirati ki intiha,A
Dafa door Juti Urat,A
Tum pni jesum ke nomaysh krti ho,A
Kar lo phuddi,A
Kr lo ab ,NA
Khud koshi kr lo,A
A pa ta lawromandm kanjare,A
Aap zroor khdkushi karo,A
Khod Kashi karlo hamai kabol hai,A
Karlo mar jayo duniya me,A
Kro achi baat hai,A
Kar lo,NA
Karlo jaldi,NA
Tumhari bra ka nombar batao,A
Phoddi marwany ka itna shouq ta to ab sub k samny marwao,A
CHOPA..GROP,A
Itni bhi to ni Hy pyari ye awam Kuch zyada e tharki bni hue Hy,NA
Cameraman bht hi akheer nasal k thrki hotay hain chun chun kr pyari pyari larkya dhund nikalty hain,NA
Kaash ye khatun mere muh pe paad maar deti,A
Netizens haramkhor found their sister and now searching for her rishta i guess.. begharat qoum,A
Kitno ne Muth mari isko instagram pr dekh k,A
Tharki log,A
"Netizens khotay, tharki",A
Thark pan aur auart pr nazre bas yahi Kam . Reh gaya Islam mein,NA
Ye to paid ha,NA
ab ye lodu boycott karenge wtp,A
Kitna bikhari desh hai salo ke paas khud ka meme material bhi nehi hai,A
Bc lag asa Raha jasay sari dunia hamara qaraza daina ha,A
Lora,A
So now this time the pimp munir brought along the sharif whore to the orange Mans Harem,A
Lanite,A
This Dalla Boy is not and CANNOT be what IK is..! He is chor and always remain a chor,A
the donkey wants to rule the world. What does the donkey know about love? The donkey only knows how to steal other people's wealth and kill people.,A
Bass kar behen k lode hasayega kya...,A
Ye salla nasha karta hai,A
Aukat bhul gaya bhikhari mariyam ka halala karwa ke paise maang raha hai us se ??,A
Jhoota kamina,A
"Tujhe kya pata bhadwe, tu toh tab naha raha tha talaab mein",A
Abey chup kar jakar puri duniya se bheek mangte rehta hai,A
Yeh mc har hafte ek badha raha hain,A
7 nhi 700 gire h pr social media me  sala jhut ka choda log ,A
Kpk mai hamara ek 38km road hai 4 sal hogaye complete hone ka naam nahi le rahi,NA
Maryam Nawaz Sharif Zindabad,NA
"CM sahiba plz girls degree collage kot pindi das 1 Year mein Complete karwa dain,",NA
Saath AA jaao Yaar Bahut ho gayi dushmani itna kuchh hai aapas mein mil baith ke baantne ke liye lad ke kya fayeda aapas mein Mil ke taraakki bhi aur khushi bhi,NA
tere maa bhi jaayengi dating ke liye ya tere bhain,A
Beghairti band ki jaye,A
Be-lagam ghoddi hai ye; lagam dalna zaroori hai,A
Laanat,A
Boycott iss baghairti ka,A
Media naam hi kanjar khane ka hai,A
Maryam Nawas ko nanga karke road par latka dena chahiye. Beghart qaum jago,A
Ae munafiqeen!!!!!!,A
"Kin chakron mein daal rahay audience ko, to hell with this BS",A
In khanzeero ko masla ho raha hai,A
Is se zyada kamina pan kya ho sakta hai?,A
Beghairti ki lazwal dastaan,A
Lakh laanat meri taraf se,A
Media naam hi kanjar khane ka hai,A
Tere maa bhi jaayengi dating ke liye ya tere bhain,A
BHAI FALTU HARKATEIN BAND KAR :),A
Haye tujhe sharam nahin aati :),A
Bhai tere jaise log! saaab bigad dete hain bro,A
Haye badtameez aadmi,A
HAYE ITNA OVERACTING KYU KARTA HEY BRO,NA
Bhai tu pagal hai kia,A
Haye ganday jokes mat maar bro,A
Aray nalayak banda,A
Aray faltu harkatein band kar yaar,A
Aray bakwaas :) baatein mat kar :) yaar,A
MASHALLAH ZYADA SMART MAT BAN YAAR,NA
nalayak banda yaar,A
keaa faltu isnan hey!!!,A
Bhai kya faltu insan hy bhai nice,A
Yaar tere comments irriatte karte hain :P bhai,A
Mashallah bhai tu kuch nai jaanta!! bro ok,NA
Mashallah tu samjhta kya hai apne aap ko bhai,NA
Yaar tuu toh drama queen nikla!!! bro,NA
tum jaise logon ki wajah se internet kharab hai,A
Mashallah kyaa faltu insan haiii bro,A
Haye kya faltu insan hai bro,A
Aray inta overacting kyu :) karta :) haii!!! yaar,A
itna irritating content bhai,A
Yaar badtameez aadmi :P bro bro,A
Yaar koi sense nahi hai vidiyo mein bhai,NA
Aray pagal sa behaviour dikha raha hy,A
BHAI BADTAMEEZ AADMI BRO,A
Mashallah kuch bhi bol deta hai!!! tu yaar,NA
Bhai bakwas editing yaar,A
Yaar ghatiya quality bhai,A
YAAR TU PAGAL HAI KEAA BRO,A
Bhai faltu kontent upload karte :) rehta hai bhai,A
Yaar badtameez aadmi,A
MASHALLAH ITNA OVERACTING KYU KARTA :) HAI BRO,A
Bhai tera kontent! bakwas hai bro,A
Mashallah faltu content!!! upload karte rehta hey yaar,A
Yaar koi sense nhi haii vidio mein :),NA
Mashallah tu :) pagal haii kya bro haha,A
Yaar badtameeeeez aadmi! :),A
Yaar tume :) jaise logon ki wajah se internet kharab hai,A
Aray ye sab :) nafrat failata hai yaar,A
Aisay haram khoron ko sazaye maut honi chahiye,A
Kya is ke liye apna gosht bechna kafi nahi tha jo ye ab doosri aurton ka gosht bhi beche gi? ... khusre paida hue,A
In aurton ko apna gosht bechne ka itna shoq kyu hai? ... modern dalay ban ke paisay kamate hain,A
Randi BC. Sab ko yahi samjh liya kachra kundi ke oulad,A
Is begairti ko ban kiya jaaye,A
Third class aunty ,A
Beghairti ki intha hai,A
"Inki asliat hai bhi yehi kuch bas, haram karna kamana aur dikhana",A
"Inhon ne sahi beghairti machai hui hai, behayai ke sare record tod diye",A
G g.. porn films banana bhi shuru krdena chahiye. Freedom of expression jo hai,A
"Js saw trailer of ""lazawal ishq"". Jiska bhi idea tha ya. Bhai boht hi ghatiya idea tha. Mehrbani karo awam paying industry chor do plZz Tfffff is this cringe. Cringe ultra pro maxx like something ha Literally ""ewwwwwww""",A
India fooooks Pakistan yet again PKMKB EVER & EVER & FOREVER,A
Ye gandu Afridi kal Bhikaristan mein parade karega ,A
Hamesha Muslims ko Hindus pit'te hain  Bluff karte hain 98% illiterate citizens ko,A
"Pakistan ka asli game terrorism hai, ye games sirf zaleel hone k liye khelte hain",A
YEH TO PAKISTAN KAY SAATH 3S**M HO GAYA ,A
Pkmkb forever ,A
Porkies.. Suji hai?,A
No ye chuita will lead parade,A
Surrender porkies ,A
Dumbass hukoomat ,A
"Saare porki accounts chup hain ab, unki gand Brahmos ne sekh di aaj ",A
#PKMKB #PKMKB,A
"Ab koi bkl Pakistani nahi dikh raha, subha se uchal raha tha ",A
Baap to baap hi rahega ,A
Allah ki maa chod di ,A
Pakistanis qaum ke fuker hain ,A
PKMKB Forever ,A
Aur uda paper planes Rauf.. PKMKB ,A
"@RichKettle07 BCCI ka kutta hai, Jay Shah ka a$$ lick karta hai.",A
Terroristan ka minister us metal ka tukda bech kar aata le sakta hai.,A
Randistan got the treatment they deserved . Jhuk ke rehna padega ..,A
Porkistan spread always fake news Gaand me 3rd time daalnekeliye chance Mile we are father always of pakistan ,A
India RAPE Pakistan the third time. Good time to be an Indian.,A
Ek mahine Me 3 baar ch*d Gye #INDvPAK #IndiaVsPakistan,A
#PKMKB jaari rehna chahiye ??,A
Paijaan na karein paijaan. Kabhi win ha aur mostly lunn hai.,A
Ek haari hui qom se kya ummeed ho sakti hai. Even new coming teams and C Teams of many countries beat Pakistan easily,A
Muje to lagta hain pakistan na janam hi harne ke liye huwa hain,A
Chal BKL ab handball ka b pta its 6-0,A
That's why Pakis hate technology ,A
Check your DNA and search for your father,A
#beggarsofasia,A
Fuck you,A
Bakchod insan india is much better in football,A
"Pakistani game me bhi harte h, war me bhi harte h, social media pr bhi inki pilayi hoti h, lekin besharm itne ki har jagah maar khake bhi apne aap ko winner bolenge, ye saale sudhrenge nhi.",A
Richard meri jann utha utha k pajeets k thak gye honay ek kam kar thora rest kr ly ,A
Bikhrio ki ukhad,A
Besharam honge Amrinder Gill paaji ye ehde naal shoot kiti film release krn .get someone else Get Sunil Grover there are many Local actors .who can act way better then this idot .,A
Haan,NA
Ye banda bell boy ban’ne ke laayak bhi nahi hai. Pakistan wale kabhi apni zaleel harkatein band nahi karte.,A
Hahaha,NA
Mazay ki baat ye hai ke Pakistan ki latest film ka naam Love Guru hai.,NA
Punjabi film industry ne aise logon ko filmon me kaam kyu diya? Ye akad dikhane ke bajaye sadak pe atta mangta hota!,A
Kya seekha?,NA
"Ye log to pagal hain, apni duniya me rehte hain.",A
Jo desh ke khilaf bolte hain unko reject karna chahiye.,NA
Turkish khoon aur surname Thakur ,A
Amrinder Gill bhi iske saath mil gaya. Ye namak haram no. 1 hai.,A
PKMKB hamesha ke liye,A
"Amrinder Gill nu kon samjhave, fddi da ohna da muh ch lai k baitha ??",A
Ye filmmakers ke munh par thappad hona chahiye jo kehte hain ke artist politics se upar hote hain. Ye log apne mulk se upar kuch nahi rakhte.,A
"Oye saaleyo sharam karo laantiyon, banda tuhadi izzat uda reha, je ikko piyo de hon taan laanat naal kaam naa kareyo.",A
Itne talented Indian actors hain par ye kutte abhi bhi Pakistan walon ke loyal hain.,A
Lakh di laanat tuhade te Amrinder Gill te Gippy Grewal.,A
"Iske purkhe Hindu thay, surname Thakur dekho. Ye khud bhi Hindu hai.",NA
Sidhu da ek music video iske pure career se behtar hai.,NA
Ye banda frustrated lagta hai. Punjab me bohot talent hai.,NA
Ye jhoot nahi bol raha. Punjabi film aur Bollywood dono Pakistan walon ke peeche pade hain. Ye porki lovers hamesha se aise hi hain.,A
Eh oh bhaichare waale logan de muh te thappad hai.,NA
"Pakistan ke paas 20 theatres hain, unki film industry mar chuki hai. Punjab me kaafi talent hai.",NA
Agar inko dobara hire kiya to ye usi baat ka saboot hoga ke humare Punjabi me talent nahi.,NA
"Dekho ye dukkar, Pakistan me kuch nahi tha iske paas, double meaning comedy karta tha, India ne naam aur paisa diya aur ab asli rang dikhaya — ye saare jihadi aur thug hain.",A
"Ye Hindu se nafrat karta hai, phir bhi Punjabi usko film me role dete hain.",NA
"Fudi dai Iftikar nu kam sara Amrinder Gill nai dita c, dono madarchod sale dalley, na Amrinder kuch bolya ede khilaf.",A
Khalistaniyo ki insult honi chahiye ??,A
"Saari zindagi aurta de chittra ch mooh paa paa theatre karda reha, ohvi kanjara wala role karke, hunn saanu boycott karu.",A
Thakur?? Sala convert.,A
Fir bsdk Diljit Dosanjh aur Shubh jaise haraamkhor Pakistan ke laand chaat rahe hain.,A
"Aur karo pak prem, bulao in chutiyo ko, chalao anti India agenda, dekho wo tumhare muh par thuk rahe.",A
He is disgusting inbreed harami in his interview calling for hindu genocide.,A
"Bulao aur bulao apne Pakistani bhaiyo behno ko aur khatirdari karo, this is what they give you on your face you mfs.",A
Bhikharistani dialogue comedy background music denge aukat dekho bkl bhikhariyo ke.,A
Amrimder gill hi bund chatda firda mulleyan di.,A
Ye sale dogle hain!,A
Third class ghatia type ki double meaning wali comedy kartey hai yeh heeramandi kay tabalchi.,A
Saale Bhikhmange.,A
Fir bsdk Diljit Dosanjh aur shubh jaise haraamkhor Pakistan ke laand chaat rahe hain.,A
Saale bhikhaari.,A
"EH UNHA LAYI JO KEHANDEY C PAKI OR MULLAHA SAADEY BHAI NEY, KANJAR DIYO NA MULLAHA KADI KISEY DA SAKKA NAHI HOYA.",A
Tu bhi pakistan jassos lagta hai.,A
itna talent hai porkis mein yeh bkl humari punjabi films karta kyun hein.,A
Bastard.,A
Are ye chutiye konsi film hai tha ???,A
He was a famous pimp and stage actor in Pakistan Punjab before. Most of his co-actors in Pakistan have died of STD’s because they were including him part of prostitution racket.,A
Mat aa bhosdike. Kaam dhund Pakistan mai.,A
Bc cinema hall to hai ni paxistaan me raandaaa.,A
but tumhare paas paise nahi hai na kuch banane ke.,NA
"EH UNHA LAYI JO KEHANDEY C PAKI OR MULLAHA SAADEY BHAI NEY, KANJAR DIYO NA MULLAHA KADI KISEY DA SAKKA NAHI HOYA",A
Tu bhi pakistan jassos lagta hai,A
itna talent hai porkis mein yeh bkl humari punjabi films karta kyun hein..porkis are snakes kitna bhi khila do aant mein dasega zaroor,A
Bastard,A
Are ye chutiye konsi film hai tha ???,A
He was a famous pimp and stage actor in Pakistan Punjab before. Most of his co-actors in Pakistan have died of STD’s because they were including him part of prostitution racket.,A
Mat aa bhosdike. Kaam dhund Pakistan mai,A
Bc cinema hall to hai ni paxistaan me raandaaa,A
Chal sala gandu kutta poorstani masalli ??,A
Enn haram den pille...eenh banda sare zindagi theatre karda rehya..inhu prominence punjabi filman which aanke hin mili he...nai ten renh apne porkistan which..suar din aulad hega,A
Ye Saale apne yaha to bana nahi paate.,A
Pakistani bastard and still some people are working with these scumbags,A
Inna kuch diya hai porkistan ne bas atta aur pani nahi diya.. chusega mera? 5kg atta dunga,A
Banda kuttaaa paal lave But ehio jeha veham na paaale. Muh v tilii varga te gala v fudu vargi karda,A
Real id se aa porki,A
Batao is mf ko ke ye Thakur apne naam se hatae,A
"Converted dogs sirf bhonk sakte hain, Islam mein Thakur naam kaha hota hai",A
"Thakur? BKL thakur kaise ban gaya? Iski abbu ki ammi to turkon ke aage jhuk gayi thi, to ye thakur kaise hua, dale porki",A
Iski poori qaum Gaza ke suwar jihadiyon ki tarah jahannum jayegi,A
Teri qaum cheetiyon wali hai jise Hindu apne pair se kuchal kar teri aur sab Pakistaniyon ki chatni nikal denge,A
"Ye converted dogs bc khatarnak hote hain, tu idiot converted dog apna last name dekh",A
"Ye dukkars hain, inko waisa hi treat karo jaisa ye deserve karte hain",A
Iftikar aur Thakur?? Dar se iski ammi ne salwar ka nara khol dia aur baate dekho iski,A
Arjun Chudega is baar,A
Ye koi randi khana hain endians are super rich,A
Coward poopjeets.,A
"Tum sab nashay ke aashiq aur pagal ho, tumhara mulk aakhirkar nuke ho jayega",A
"Lol ye bhudda 37 saal fauj mein tha phir bhi yudh nahi kar saka, main un Indians par afsos karta hoon jo in pagal buddon ko admire karte hain",A
Main un logon par afsos karta hoon jo is faltu begareet or nikmay shakhs ki tarif karte hain ,A
Koi ghalat sulook ya hamla support karna munasib nahi chutiay,A
Dhoom machane aur taunts se masail hal nahi honge beygarit log,A
Yeh tanqeed hai ke log jazbati tor par react kar rahe hain bc,A
"Aisi dhamkiyan na serious leni chahiye mc bdlk, aman zaroori hai ",A
Logon ki ghalat soch pe tanqeed ki ja sakti hai lekin tashaddud support na kiya jaye faltu log,A
Lanat asa logon pr Jo ksi ke kamyabi se jlte ha,A
Is ko kamyabi nhii ghlazat kehtay hai madam jo aj tak villogging me ho rhi hai ,A
Our ye apka kiya phupho ka beta hai ?,A
Who cares bhaar mein jaaye is beghairat ka pura khandan,A
"Haram ki latttt asani se ni jati, wapis ajaega",A
Ye srf views tak hota phir ajate hain tatti content lekr,A
Logon ko bhar me jany ka kheal late q ata? Time se decide kr k nikal jaya krn na,A
"He will come back aur bolega ""awam ki purzor farmaish pay me phr say lougo ki mout, Muharram aur maa Ko content Kay tor pay paish karny agya Hun",A
Jahilo ky pass pasia ajay tu esa hi hota hein bolnay ki tameez nai Ulta seedha bolta hein,A
ye badmashi he tm logo ki trf se jo sb k liye rehmat ban kr aye unhi k name pr tm log dehshat phelaty ho... tm logo pr akhrat m azab bht hi zyada bura any wala he... yeha mamla Allah k Mahboob saww ka he or wo tm logo ka qeema bana dega,A
Jitna gund daal dia hai ...ab quite shuite sy Kuch nhi hona,A
Lanat hai is per,A
Bgerat h ye,A
Shukr h is kanjar Ka AJ tk koi vlog nhi Dekha. Awam SE or social media reports SE e pta chla is bagaiurat Ka.. never liked him,A
Chlo acha hy aik ny beghairti chor di baqi bhi chor den gy,A
na ghairat hai or un main koe sharam haya hai ... Wahiyaat kahen Kay,A
Unko paisa hi beizzat ho k mil raha hai,A
Stupid aurat apka kia beghara hai,A
poora insaan hee fake hai ,A
He's a fake human too ,A
Rajab butt is fake human ,A
Wo behnakaluda hai ,A
Drameybaaz ,A
ghanta century ,A
Arjun Chudega is baar ,A
Ye koi randi khana hain endians are super rich ,A
Coward poopjeets. ,A
"Tum sab nashay ke aashiq aur pagal ho, tumhara mulk aakhirkar nuke ho jayega ",A
"Lol ye bhudda 37 saal fauj mein tha phir bhi yudh nahi kar saka, main un Indians par afsos karta hoon jo in pagal buddon ko admire karte hain ",A
Main un logon par afsos karta hoon jo is faltu begareet or nikmay shakhs ki tarif karte hain ,A
Koi ghalat sulook ya hamla support karna munasib nahi chutiay ,A
Dhoom machane aur taunts se masail hal nahi honge beygarit log ,A
Yeh tanqeed hai ke log jazbati tor par react kar rahe hain bc ,A
"Aisi dhamkiyan na serious leni chahiye mc bdlk, aman zaroori hai ",A
Logon ki ghalat soch pe tanqeed ki ja sakti hai lekin tashaddud support na kiya jaye faltu log ,A
Lanat asa logon pr Jo ksi ke kamyabi se jlte ha ,A
Is ko kamyabi nhii ghlazat kehtay hai madam jo aj tak villogging me ho rhi hai ,A
Our ye apka kiya phupho ka beta hai ? ,A
Who cares bhaar mein jaaye is beghairat ka pura khandan ,A
"Haram ki latttt asani se ni jati, wapis ajaega ",A
Ye srf views tak hota phir ajate hain tatti content lekr ,A
Logon ko bhar me jany ka kheal late q ata? Time se decide kr k nikal jaya krn na ,A
"He will come back aur bolega ""awam ki purzor farmaish pay me phr say lougo ki mout, Muharram aur maa Ko content Kay tor pay paish karny agya Hun ",A
Jahilo ky pass pasia ajay tu esa hi hota hein bolnay ki tameez nai Ulta seedha bolta hein ,A
Ye badmashi he tm logo ki trf se Pyare Nabi saww jo sb k liye rehmat ban kr aye unhi k name pr tm log dehshat phelaty ho... tm logo pr akhrat m azab bht hi zyada bura any wala he... yeha mamla Allah k Mahboob saww ka he or wo tm logo ka qeema bana dega A,A
Jitna gund daal dia hai ...ab quite shuite sy Kuch nhi hona ,A
Lanat hai is per ,A
Bgerat h ye ,A
Shukr h is kanjar Ka AJ tk koi vlog nhi Dekha. Awam SE or social media reports SE e pta chla is bagaiurat Ka.. never liked him ,A
Chlo acha hy aik ny beghairti chor di baqi bhi chor den gy ,A
Na ghairat hai or un main koe sharam haya hai ... Wahiyaat kahen Kay ,A
Unko paisa hi beizzat ho k mil raha hai ,A
Stupid aurat apka kia beghara hai ,A
Poora insaan hee fake hai ,A
He's a fake human too ,A
Rajab butt is fake human ,A
Wo behnakaluda hai ,A
Drameybaaz ,A
Ghanta century ,A
Arjun Chudega wapis aayega ,A
Ye endians sirf paisa aur shor me busy hain ,A
Pagal log aur nashay ke aashiq ,A
Beygarit log sirf shor machate hain ,A
Ye bhudda phir bhi fail ,A
Un Indians ko admire karna bhi galt hai chawal,A
Faltu begareet shakhs ki tarif karna ,A
Kisi ko hamla support karna galat hai ,A
Taunts aur dhoom sirf masail barhate hain ,A
Log jazbati tor par react karte hain ,A
Aman ko serious lena zaroori hai ,A
Faltu logon ki soch par tanqeed ho sakti hai ,A
Jo kisi ki kamyabi se jlte hain lanat hai ,A
Villogging me ho rhi hai ye ghlazat ,A
Phupho ka beta ,A
Beghairat ka pura khandan ,A
Haram ki latttt wapis ajayegi ,A
Tatti content lekr aate hain ,A
Time se niklna chahiye tha ,A
Awam ki purzor farmaish pay content ,A
Pasia aaya to bolne ki tameez nahi ,A
Dehshat phelana galat hai ,A
Quite shuite sy ab Kuch nahi ,A
Lanat hai ,A
Bgerat h ye ,A
Kanjar ka vlog ab tk dekha nahi ,A
Beghairti chor di ,A
Na ghairat aur sharam haya nahi ,A
Paisa beizzat mil raha hai ,A
Stupid aurat ,A
Poora fake insaan ,A
Fake human ,A
Rajab butt bhi fake ,A
Behnakaluda ,A
Drameybaaz ,A
Ghanta century,A
Arjun Chudega wapis ,A
Endians sirf paisa me busy ,A
Pagal aur nashay ke aashiq ,A
Beygarit log sirf shor machate ,A
Bhudda fail ,A
Un Indians ko admire karna bhi galt ,A
Faltu begareet shakhs ,A
Kisi ko hamla support karna galat ,A
Taunts aur dhoom sirf masail barhate ,A
Log jazbati tor par react karte ,A
Aman ko serious lena zaroori ,A
Faltu logon ki soch par tanqeed ,A
Kisi ki kamyabi se jalne wale lanat ,A
Villogging me ho rhi hai ye ghlazat ,A
Phupho ka beta ,A
Beghairat ka pura khandan ,A
Haram ki latttt wapis ajayegi ,A
Tatti content lekr aate hain ,A
Time se niklna chahiye tha ,A
Awam ki purzor farmaish pay content ,A
Pasia aaya to bolne ki tameez nahi ,A
Dehshat phelana galat ,A
Quite shuite sy ab Kuch nahi ,A
Lanat hai ,A
Bgerat h ye ,A
Kanjar ka vlog ab tk dekha nahi ,A
Beghairti chor di ,A
Na ghairat aur sharam haya nahi ,A
Paisa beizzat mil raha hai ,A
Stupid aurat ,A
Poora fake insaan ,A
Fake human ,A
Rajab butt bhi fake ,A
Behnakaluda ,A
Drameybaaz ,A
Ghanta century ,A
Hen bhi fans ke dalle iss?,A
Ha bawasir kya ye ab bad tatti k Alex ye yr?,A
Bolunga jarur madarchod.,A
Maayaak khusraaa.,A
Hoga howa paida beta ghar k banaya hawal ny maa b pe is.,A
Thing that fuck the what is???,A
Aa rahi kyu feed meri me vids ki khushry is bc.,A
Lynya nu kuri lun ja.,A
Dallah chal.,A
Chapri madarchod.,A
Lun ko maa apki sparrow.,A
Mkc teri.,A
Dian chutye kr chck Gadian Naich Raja.,A
Ha aya marny bund apki yeh.,A
Chaka call you.,A
MKB ki sparrow.,A
Ha b bonda sparrow.,A
Ppl stupid are they stupid. bullshits.,A
Cock a call will I?,A
Mc ki sister your.,A
Pththa ka ullu sala yea.,A
Bsdk Prof with exchande for ajao to hy ki Kanwal minahil & isha Rana imsha of available parts ALl.,A
Ho rahe de news ki kis kisam ki logun tum pe naam k news k chaiye aani Sharam waise hai lanat Lakh di bari.,A
Khusra horrible.,A
Hoga ghaltay kasa wala ghar ko shemale badshakal chaltaphirta khusra.,A
Confuse ladki y ladka khoje liye tmhare.,A
Man half hoy banty video ati ni shRm ko tum.,A
Raha lag kanjar Full ha.,A
Kanjar usual as.,A
Hai bahut furtilla Hijda ye to baat Ek.,A
Pedawar ke haram.,A
Ao laot traf ki deen Allah please ge jaen kha makore kere lash phir he jana Mar do chor pan knjar ye lye ke Allah.,A
Aunty sali.,A
Rasen tn kutwesen ohudii Tun.,A
Insan mara Zahar Itna Khusrayyy Khaasii Karday Buss…..,A
Sochngay kia k daik ko apko bachay k ap ho begherat barray Bhot.,A
Hy completely ye hejraa.,A
Bakwas fazol Acting Over chod behin morata kia ye.,A
Banda hai ajeeb khusra yea.,A
Khusra.,A
Gandu shemale khan she Dr.,A
Patha ka ullu.,A
Ganda.,A
Shemil you.,A
big brother good man,NA
ya mera big bhiii hay,NA
aja tujy big ghar dikhyo,NA
na kar itna big,NA
India media ke mutabiq mar chuka hoon mein aur janam doosra mera yeh hai aur damaad ka Shakti Kapoor ka hoon main is waqt,NA
Hai mulk beghairat Pakistan,A
Zindabad Pakistan,NA
Ha rhi ly mja awam,NA
Hoga likha pe deewaron ki ghar ke Ambani ke baad Jhang karwao karwao humse kaam har baba Bengali,NA
Pakistan with stand we Bangladesh Zindabad Pakistan,NA
Karen mat jag abhi yaar bologe ko India karo karna jo baad ke uske hai mein din 3 shaadi meri,NA
Hind Jai,NA
Hai mera house Ambani Mukesh Bhai lo dekh apna apna tum log,NA
Hai banana makan Kashmir Jammu mein to mujhe,NA
Ho lagti buree boht mujhe ap ho lagti nikalti daant bilawaja q,NA
Hai lena kar baad jang ke lena kar baad jang Indian meri hukumat se darkhwast hai tikTok videos dekh rahi awam Pakistani abhi,NA
Milta nahi khula doodh mein Pakistan aana kar pee peshab ka gaaye to aana ladne jang agar walon India ji Madam,NA
Farmaye hifazat ki Pakistan Allah,NA
Daregi nahi se jang wo chalati patakhe itne pe baraat shab e qoum Jo,NA
Dala mar ko Modi log tum,A
Hota nahi paida jazba ka imaan ke liye jang namaz aur hota nahi paida se murti ki bhagwan ki rupay 500 aur peena peshab ka gaaye ke na,NA
Hondi nahi khed jang ke suna kabhi di jananiyon,NA
Mohabbat aur pyaar chahta nahi jang India,NA
Gaya dar Modi gaya dar Modi,NA
Ho kar rahi acting hansne bhi khud,NA
Nice Good,NA
Do do haath mere rehndeo paisay kehti daayi pe janm ke Modi,NA
Hai chahiye randyan 4 3 ke liye mujray humein jaye lag jang jana India liye ke uske,A
Rahi ho rahi fikr iski mujhe hai ki kahan bachi Yeh,NA
Uska naam Khan Ali Ghulam chaak pura aik hai mein Baramulla land ki daadi ji humari mil jayega humein woh kya chaak,NA
Karunga umpiring toh gaya ho toss agar mein Jang,NA
Knowledge Awesome,NA
Le seekh hansna hihihi karke makeup kilo 88 hihihihi,NA
Ho lagti numri do se shakal hai banawati hansna aapki Madam,A
Hai meri Kajol,NA
Ho rahi maar Chawlain,NA
nikama insaan ho tum,A
Assalamualaikum Bangladesh From,NA
Modilal says name cow one man district my Bangladesh from I,NA
Hahahaha,NA
Good,NA
ja ja tor ja bhenchod,A
Inhe hue hanstey hai dekha time first rahe lag pyaray to hue Hasty,NA
Crazy Modii,NA
Bana mat chutiya ko awam kar beth me aircondition kar duty asal apni aur ja par border tu oye,A
Karni nahi kabhi ghalti ki samajhne kamzor ko dushman apne,NA
Le na credit India hai kiya tabah ko humne Karachi,NA
Rahi ud aa mazaaq ka media Indian Duniya laughing is everyone,NA
Hai ke saath missiles supersonic hai paas ke Karachi warship ka India karo dua ki hifazat ki Pakistan se Allah Bhai,NA
Zindabad fouj Pak,NA
Diya kar hamla par Bharat ne India news Breaking,NA
Tha tha bahana to phailana khabar Jhooti tha hansana ko ISPR DG Pakistan ke mein asal,NA
Farmaye hifazat ki aap pak Allah sher mere Geo,NA
Suhagraat Operation,A
lol chokli,A
Your Abbu,A
Agar tu apni Ammi ky sahi suragh sy nikla hai to tumhe farq saaf saaf nazar ayega warna to tu yahi sochega....ary ahmaq insaan ab agla banda celebration kare to bhi virat jesa? Ab kal ko ye mat kehna virat ny Anusha ke sath bhi usi tarah suhagrat kiya tha,A
Ye chaman chutiya ese kyu look de ra 115 balls k bad bi,A
Chup kar bay kutta,A
chokli ny  kiya tha ???,A
Lorray 83 inngs k baad kr k reaction aisa hi hota hai tm log bs body shaming no hand shake or anti Pakistan propaganda main hi khush ho lia kro,A
chokli cum duckholi,A
Copy bhi nhi ho pa raha h zimbu se,A
Jahil godi mentality. Keep barking,A
PR Stunt Chokli also copied people smiling once they scored a century,A
Did virat kohli do sajda? You dumb indian fuck!,A
"Assi hindu aurat nu bachaya si, lekin apni aurat chudaya si (tunuk tunuk tun)",A
Gurpatwant singh pannun (so called Sikh for Justice) canada/usa me baitha itna chaudh me khalistan khalistan rota hai. Ab sikh samuday ko isse puchna chahiye aisa kaise ho gaya. Phir ye apne Pakistan abbu se baat karega. ,A
Randi hi,A
Wallah. Kya baat hoti. Sgpc gaan dhoti.,A
Beda gark ... Besharm,A
Bhai isko ab india mai no entry kar deni chahiye nahi to jihadi vardaat kar sakti hai ya jasuoosi.,A
"Didi, kyu ABDUL k Sath ja rhi ho, koi Sikh ya Hindu dekh k shadi kr lo. Laxmi G ki trh rkhega, ABDUL aapki zindagi nark bna dega, uski kitab mei tum Hindu ho ya Sikh, sb kafir hain. Abhi bhi soch lo, nhi toh km se km apne size k hisab se Fridge khreed k rkh lo jismei fit hona hai",A
Bye bye Randi Pakistan mein hi rahio ab.,A
waad leya ditta Bibi tusa Bhaichare da . Dubb ke marjo,A
Is laude ke sath madarchod ye sb jake shadi karti .. ab to lag raha hai sahi kiya aise ladki ke sath,A
Ab eska halala hoga es ko das land chahiye…,A
kithe mar gaya kanjra hun,A
Khalistani rendi,A
Kha gye khalistani pille,A
Anpad Behenchod.,A
King zimbabar,A
zimbabar ko khalna nahi ata ,A
zimbu ganda player hay,A
zimbu koi acha player nahi hay,A
zimbabar ko team ma hona nahi chiay,A
I am Indian True patriot Fuck paksitan Fuck them But why so obsession with English? Sabse xyada paida India deta h sabse xyada audience Indian h sare Ameer cricketers India se h or interview English me? Inahi aati nahi hoga padha likhaaa.. I’ll say again fuck Pakistan,A
Sale dogle hoti hai apne dharm ka marta hai to Israel ka bhi virodh karenge aur apna maarta hai to kuch nahi bolenge.,A
Yeh log apne sage baap ke nahi hote desh ke kya hoge itna hee dikhaat aati hai terrorist ke khilaaf bolne mei to apni maa kyu chudava rhe hai iss desh mei gaand marao na pakistan mei tumko bhi shanti hume bhi bhosdiwalo,A
Good job Asim munir in kuton indian ko aps me Lara dia ab to inki itni himmat nhi he ke Pakistan ki taraf dekh bi saken ese chalta rha to or bi dhamake honge,A
"Ye sab santi dut ki olade he bichare santi se yahi bat to bol rahe he k atnki muslim nahi hota ,,,faltu me hindu muslim ko hi atnki bolte he jabki wo jihadiyo ki najar me aman or santi k liye hi bomb blasts kiya tha bichare ne …",A
saaf hai ki ye us harami aatanki ka support karate hai,A
Ine madrachodon katuon ko kabhi dukh nahin hoga yah sale halala ki aulad hai mugalon ki paidaish hai inko kabhi dukh nahin,A
Ye bhadve apne ghar k sage nahi aadhe lund ke ye apne baap k sage nahi hai toh kisi aur k kya sage honge suarnamazi saale dalle,A
Sab gandu bhenchaud hai madarchauds,A
Ya randi ke aulado se kuch mat pucho,A
"Inn chutiyo ko dukh h gaza k liye , ab kitna dukh doge inhe",A
Ye sare atankvadi hai sale,A
Ye Kom mc hi,A
Ye Kom mc hi atankwadi h...sb,A
Reporter kam chutiya jyada lag raha hai ye,A
Sab ke sab atankwaadi ke pille hain.,A
"In namak haramo ko india se koi lena dena nahi, bhejo saloko Bangladesh ya Pakistan",A
Ye hai hi heera mandi Lahore ke kothe ki aulaadein inko kaun sa dukh naa baap ka pata haramzadon ko,A
Ye sab Saale Suar hai,A
Bare pehenchod ho salon,A
Pakistan Baap Eggs India me chood gaya usse nikle nanhe Sapole.,A
Pm bnao hmare jaiso ko inki maa na chod di toh btana,A
Sab mulla machood randi ka bacha hota,A
In saloon ke pichwade mein aag lagjati hai.,A
ka sabar ddekho hinduo se itna bol deta to kutta banan dete maar maar ke,A
Ye khud ak aatankwadi hai,A
In ullu ke patho ko Gaza bhejo gand marwane ke liye,A
In jese chutya journalist k sath aesa hi hona chahiye,A
Are ghante ka journalist hai boss dka,A
"Ye journalist hai ya chootiya hai,",A
Gaddar hai ye madarchod kom,A
Jaisi Com Waise is com ko manne wale Jihadi Madarsachaap Aatankwadi MC Gattar k pills,A
Ye sab suar ke pille hain,A
Namak haraam h sale suar k bachhe,A
salamat raho bhai,NA
tum bohat acha kam karte ho,NA
ye jehadi aatankwadi hai,A
Aatank ka ek hi dharm hai ganda khoon,A
"Baaki sab apne hote hain, katuve to sirf katuve hote hain",A
Suvar ki alud hai sab ke sab rnadi wala,A
Sabke sab suvar ke pille hai,A
Sab saaley aatankwadi ke pilley hain,A
Goli maar do bhosdi wale ko,A
Saanp hain saale,A
Gaddar hai,A
Bc 3 din pehle hi bhoi ne 6 pack waali photo upload kiya tha ,A
Uncle lag rha h bilkul shadiyo mein daaru pike naachne wala,A
Bechare ne last time gaan pet se dikhne k baad is baar dupatte se bandh liya ,NA
Kisi ki aand kisi gaand pet me bacha leke ghum raha bhai jaan,A
bc hay sala,A
Ek gaaandu jo kitni se marwa liya phir bhi saalllluuu hi hh,A
Kaunse angle se ye hero lag raha.. Pet bahar aa raha hai... Face cahe jitni bhi sundar ho... Gende jaisi body hai suar jaisi nak... Dada ji lag raha hai hero nehi charcter roles bhi na mile isko ab.. Retire ho jaye fokat me producer 200 cr lagayega aur collection 100 cr. Hago,A
sa8a kat mulla..........,A
Ye bhosdika buddha ho gay phir bhi apni MCBC kar raha hai,A
Sala sarkari saand,A
Shaadi mai fufa ki tarah naach raha hai chutiya ye aur chutiye log isko dekhne aaye hai ticket khareed kar waah re public #chutiye log,A
bc dance kar raha budha,A
mc hay bc bhee hay,A
lavda sa Thakawat bc Let jaao dada,A
chiay nahi ,NA
Gnde se hila tak nhi jaa rha bc,A
 Is besharam suvar budhe ko dub marna chahiye,A
" Y golgappa hero hai Mota bhesa, jbrjsti jwan banane ki koshish kar rh hai",A
Bc pet nikal raha hai,A
Actor chutiya fans to hai hi chutiye iske,A
Bhosdike apne baap ko dkh le... aur unka dhyan rkh...,A
Salman boi ki ma chudi padi hai,A
3 star laga ke gutka check kar rahe hain bhosadi wale bakchod police,A
Chuitye sale…unnecessary harassment they are doing.,A
He is chutiya,A
Fkoff hindus of lundia,A
Lundians ne grok ki dhui maar di hai… grok lundians ka baap kaun hai,A
Choos lo aa k madarchod.. maza chakhayein gay tum ko aur teri poori nation ko,A
Aja phr hindu land me… teri mehman nawazi krey…,A
Aisy to bharat main bhi… modi ke phat ky… lundbhagto…,A
Achaaa. Tou aao le lo aa k!! Bhsd waly,A
Maar sale ko,A
BC upar ate hi kutai shuru,A
Phir wahi Md. bsdiwale,A
larhka hindu phir ye baghwalens wale apne gand me juban rakh ke chup reh lengy,A
Phelwan sab ne hath se adil ka lun apni bhen ki gand se nikala hai lagta hai hahahahha chutiay maa is ki shahid kasai chodta hoga,A
Pedo mfker,A
Maaro bc??,A
Goli maro salo ko,A
Hahahah bc ek dum kadak lg rhi h,A
Bhai tuh na bas ek toxic fan hai bas ye samajh jata hai iss pic sai bsdk,A
madarchod tere baap ki neck sprain hoga tab pata chalega kya hota hai. BC there is spinal cord issues within such neck sprains. bsdk akal le aa. bc garv bsdk naam leke ghum raha hai. Lnd.,A
Dono hi chutiye hai,A
Ya kya hai behenchod,A
"Ye banda bakwass hai, kuch kaam ka nahi",A
Woh faltu admi hamesha bakra banata hai,A
Chawal jaise soch rakhne wala insaan,A
"Nikama banda hai, kuch nahi kar sakta",A
Beyaqal insaan hamesha sirf time waste karta hai,A
Kaamaqal banda har kaam me fail hota hai,A
"Bona insaan, dosti ke laayak nahi",A
Janwar insaan jaise harkat karta hai,A
"Ganda insaan, sabko tang karta hai",A
Galeez soch rakhne wala harami,A
"Harami insaan, kisi pe bharosa nahi",A
"Choos insaan hai, sabko choos leta hai",A
Gandi aadat rakhne wala banda,A
Gandi nali ka admi har jagah fail,A
Nali ka kira jaise soch wala insaan,A
Ullukapatha banda har waqt confuse,A
"Ullu ka pahta, samajh me nahi aata",A
Haram ki olad sabko pareshaan karti hai,A
Ye bakwass banda kaam ka nahi hai,A
Faltu aur nikama dono ek saath,A
Chawal aur beyaqal insaan milke trouble banate hain,A
Kaamaqal aur janwar insaan ka combo,A
Ganda aur galeez banda sabko tang kare,A
Harami aur choos insaan ek hi jagah,A
Gandi aur gandi nali mix ,A
Nali ka kira aur ullukapatha dono problem,A
Ullu ka pahta aur haram ki olad dono khatarnak,A
Bakwass aur faltu soch rakhte hain,A
Chawal aur nikama admi sabko irritate kare,A
Beyaqal aur kaamaqal dono milke kuch nahi kare,A
Bona aur janwar insaan saath me khatra,A
Ganda aur galeez harami sabko disturb kare,A
Choos insaan aur gandi aadat milke problem banaye,A
"Gandi aur gandi nali insaan, kaam ka nahi",A
Nali ka kira aur ullukapatha mix banda,A
Ullu ka pahta aur haram ki olad problem create kare,A
Bakwass banda aur faltu admi ek saath,A
Chawal aur nikama admi sabko pareshaan kare,A
Beyaqal aur kaamaqal dono kuch nahi kare,A
Bona aur janwar insaan saath me burai kare,A
Ganda aur galeez banda har jagah ,A
Harami aur choos insaan problem create kare,A
"Gandi aur gandi nali banda, kaam ka nahi",A
Nali ka kira aur ullukapatha admi sabko tang kare,A
Ullu ka pahta aur haram ki olad dono bakra banaye,A
Bakwass aur faltu soch wale dono,A
Chawal aur nikama milke time waste kare,A
Beyaqal aur kaamaqal combo banda,A
Bona aur janwar insaan kaam ka nahi,A
Ganda aur galeez banda harami ,A
Harami aur choos insaan mix,A
Gandi aur gandi nali milke problem create kare,A
Nali ka kira aur ullukapatha dono trouble,A
Ullu ka pahta aur haram ki olad dono ,A
"Ullu ka pahta aur haram ki olad dono problem,",A
"Bakwass aur faltu banda hamesha irritate kare,",A
"Chawal aur nikama admi time waste kare,",A
"Beyaqal aur kaamaqal banda combo problem,",A
"Bona aur janwar insaan dono bakra,",A
"Ganda aur galeez banda harami mix,",A
"Harami aur choos insaan hamesha irritate,",A
"Gandi aur gandi nali admi kaam ka nahi,",A
"Nali ka kira aur ullukapatha admi sabko pareshaan kare,",A
"Ullu ka pahta aur haram ki olad dono khatra,",A
"Bakwass aur faltu banda har jagah bakra,",A
"Chawal aur nikama admi hamesha irritate,",A
"Beyaqal aur kaamaqal admi problem create kare,",A
"Bona aur janwar insaan combo trouble,",A
"Ganda aur galeez banda harami saath,",A
"Harami aur choos insaan hamesha bakra,",A
"Gandi aur gandi nali admi kaam ka nahi,",A
"Nali ka kira aur ullukapatha admi trouble,",A
"Ullu ka pahta aur haram ki olad dono problem,",A
"Bakwass aur faltu admi saath me irritate,",A
"Chawal aur nikama banda hamesha confuse,",A
"Beyaqal aur kaamaqal admi problem create kare,",A
"Bona aur janwar insaan dono bakra,",A
"Ganda aur galeez banda harami mix,",A
"Harami aur choos insaan hamesha trouble,",A
"Gandi aur gandi nali admi kaam ka nahi,",A
"Nali ka kira aur ullukapatha admi bakra,",A
"Ullu ka pahta aur haram ki olad dono irritate,",A
"Bakwass aur faltu banda hamesha problem,",A
"Chawal aur nikama admi sabko tang kare,",A
"Beyaqal aur kaamaqal admi hamesha bakra,",A
"Bona aur janwar insaan saath me trouble,",A
"Ganda aur galeez banda harami combo,",A
"Harami aur choos insaan dono confuse,",A
"Gandi aur gandi nali admi kaam ka nahi,",A
"Nali ka kira aur ullukapatha admi hamesha irritate,",A
"Ullu ka pahta aur haram ki olad dono bakra,",A
Gobar khate raho,A
Aur tum suar,A
kis kis ko chutiya bnaoge,A
Ghanta banenge World Leader,A
Hum sab jahil bimaru berozgar hai,A
"Aabe kya chuttiye hai, aab kon bolta hai mein shatriya hu.",A
tu mera jhaat key baal hay ,A
jhaat ka baal hay to,A
jhaat key bal,A
jahat key ball ab baat kary ga,A
Hum sab gobar chaap andhbhakts hai,A
zimbabar ki century ke liye kya kya karna padta hai,A
"BC in logon k chakkar main awaam 2-2 ghantay routes lagnay ki wajah se roads pe khuwar ho rahi hai... Aik sardi, ooper se roads block.. Banda kisi kaam se bhi na nikal sakay ghar se",A
Garib pakistaniyon ki madad karo...,A
Phati padi h SL walo ki,A
wo hum haam Balocho'n k liye dalaal hain wo khabe Baloch te e nae kya pata sabse chutiye cast k ho'n,A
Chamcho ki gan mat jalao ree,A
Loot bc,A
Bagairat sab log or ya show,A
What is this for mjy to smj ni aa rhi  mtlb ky rishta krwany wali ortan khtm ho gai han jo ya ho rha ha fahashi ,A
Begherat log,A
Good job Asim munir ka in kuton key indian ko or aps me kia Lara dia theek ab to inki itni himmat nhi he,A
Ye sab santi dut ki olade he ka bichare key santi or se kia yahi bat theek bol rahe he,A
saaf hai ka ki ye us harami key aatanki or ka support kia karate theek hai,A
Ine madrachodon katuon ka ko key kabhi or dukh kia nahin hoga theek,A
Ye bhadve ka apne ghar key sage or nahi aadhe kia lund theek,A
Sab gandu bhenchaud ka hai key sab or madarchauds kia theek,A
Ya randi ke aulado ka se key kuch or mat kia pucho theek,A
Inn chutiyo ka ko key dukh or h gaza kia k liye theek,A
Ye sare ka atankvadi key hai or sale kia theek,A
Ye Kom ka mc key hi or,A
Ye Kom ka mc key hi or atankwadi kia h theek,A
Reporter ka kam key chutiya or jyada kia lag raha theek,A
Sab ke sab ka atankwaadi key ke or pille hain kia theek,A
In namak haramo ka ko key india se or koi kia lena dena theek,A
Ye hai hi heera mandi ka Lahore key kothe or ki aulaadein kia theek,A
Ye sab ka Saale key Suar or hai kia theek,A
Bare pehenchod ka ho key salon or theek kia,A
Pakistan Baap ka Eggs key India or me chood gia kia theek,A
Pm bnao ka hmare key jaiso or ko kia inki maa theek,A
Sab mulla ka machood key randi or ka bacha kia hota theek,A
In saloon ka ke key pichwade or mein aag kia lagjati theek,A
ka sabar key ddekho or hinduo se kia itna bol theek,A
Ye khud ka ak key aatankwadi or hai kia theek,A
In ullu ke patho ka ko key Gaza or bhejo kia gand theek,A
In jese ka chutya key journalist or k sath kia aesa theek,A
Are ghante ka journalist key hai boss or dka kia theek,A
Ye journalist ka hai key ya or chootiya kia hai theek,A
Gaddar ka hai key ye or madarchod kia kom theek,A
Jaisi Com ka Waise key is or com ko kia manne theek wale,A
Ye sab ka suar key ke or pille hain kia theek,A
Namak haraam ka h key sale or suar kia k bachhe theek,A
salamat raho ka bhai key theek or kia,NA
tum bohat ka acha key kam or karte kia ho theek,NA
ye jehadi ka aatankwadi key hai or kia theek,A
Aatank ka ka ek key hi or dharm kia hai theek,NA
Baaki sab ka apne key hote or hain kia katuve theek,A
Suvar ki ka alud key hai or sab kia ke sab theek,A
Sabke sab ka suvar key ke or pille kia hai theek,A
Sab saaley ka aatankwadi key ke or pilley kia hain theek,A
Goli maar do ka bhosdi key wale or ko kia theek,A
Saanp ka hain key saale or kia theek,A
Gaddar ka hai key theek or kia,A
Bc 3 din ka pehle key hi or bhoi ne kia photo theek,A
Uncle lag ka rha key h or bilkul kia shadiyo theek,NA
Bechare ne ka last key time or gaan pet kia se theek,NA
Kisi ki ka aand key kisi or gaand me kia bacha theek,A
bc ka hay key sala or kia theek,A
Ek gaaandu ka jo key kitni or se marwa kia liya theek,A
Kaunse angle ka se key ye or hero kia lag theek raha,NA
sa8a ka kat key mulla or theek,A
Ye bhosdika ka buddha key ho or gay theek,A
Sala sarkari ka saand key or kia theek,A
Shaadi mai ka fufa key ki or tarah kia naach theek raha,A
bc ka dance key kar or raha kia budha theek,A
mc ka hay key bc or bhee kia hay theek,A
lavda sa ka Thakawat key bc or Let kia jaao theek,A
chiay ka nahi key or kia theek,NA
Gnde se ka hila key tak or nhi kia jaa theek rha,NA
Is besharam ka suvar key budhe or ko kia dub theek marna,A
Y golgappa ka hero key hai or Mota kia bhesa theek,A
Bc ka pet key nikal or raha kia hai theek,A
Jahil han vo loog Jo Islamic comments in dramo k nichy krty han,NA
Aaj main dekhta hoon ke nabi ka naam kon kon like karta hai,NA
Kis kis ko nabi khatam unbiyeen ke ummati honay par fakhar mehsoos karta hain,NA
Likhtay likhtay qalam khatam ho jaye ga lekin humaray pyare rasool ki tareef kabhi khatam nahi ho gi,NA
Meri tarah subah subah kon kon dekh raha hai drama hazri lagayen,NA
Samnay aajao woh log jinhein nabi ka ummati hona fakhar hai,NA
Legend are in blanket and enjoying this drama,NA
Filmon aur dramon ko to sab log like karte hain dekhte hain ke kon kon like karta hai,NA
To the random person who liked my comment I genuinely pray that you and your parents are blessed with long happy lives filled with love and good health,NA
Nimra Rock aur Armin Begum shock,NA
Hamare pyare Mehboob ki yaad dil ko sukoon deti hai ghamon ke andhere mein bhi ye roshni deti hai,NA
Zindagi mein do log pareshaan hotay hain ek wafadar aur doosra mukhlis baqi munafiq har jagah fit hotay hain,NA
"Millions of people liked this Drama, unfortunately no one liked the name",NA
Finally nimra ne kuch traditional pehna wow looking beautiful,NA
Lakhon logon ne ye drama like kiya afsos kisi ne like nahi kiya,NA
Nimra ko bata dena chahiye k Armeem ne Alizay ko stairs se push kiya tha,NA
Nimra ne kitna pyara suit pehna hai,NA
Is ki har khwahish puri ho jaye jo aaj maine Quran Pak ki tilawat upload ki hai usko sune,NA
Meri tarah subah subah drama dekhne walon hazri lagwayen,NA
Hum sabko Umrah aur Hajj karwaye say Ameen,NA
Aik to ye Hanan ki amma kisi hal mein khush nahi hn whn Fariha kam krny se rokti thi to kam krti thi ab apny ghar aake kehti meri kamr toot gayi,NA
Kis kis ko maza a raha hai is drama ko dekh kar Liba ki acting kis ko pasand hai,NA
Thank God Hanan ne bhi kuch bola warna to wo khamosh beth kar sun raha hota tha,NA
Pehli bar Pakistani dramon mein itni tikar ki bahu dekh rahe hain,NA
Guests k samnay esy gala phaar k kon cheekhta h,NA
This is the first episode Alizy was silent,NA
Yaar aap log khuda ka khauf karein upar drama aur neeche naam,NA
"Come forward, those who are proud to be ummah",NA
10:52 Mahapara ki dadi gareeb Dadi waly role mein he achi lagti ha,NA
Mujhe to Nimra ka boyfriend dhokebaaz lag raha hai meri baat se kon kon agree hai,NA
Mere dada dadi walid sahib beta aur jitne rishtedar aur Musalman foat ho chuke hain unko jannat ul Firdous mein aala se aala maqam ata ho,NA
Dekhte hain ke se mohabbat karne wale kitne hain,NA
Hanan rocked and Asfar shahb shocked,NA
Dad has the repetitive complaint always… “mujhe toh bataya nahin!”,NA
Nimra Rock aur Armin begum shock,NA
Let's see how many Pakistanis are here today? I'm watching from Bangladesh,NA
Meri tarah abhi drama kon kon dekh raha hai,NA
"That random person ""who liked my comment I pray"" may you and your parents be healthy and happy and may get a long healthy life Ameen",NA
Sab se bura Hanan ke sath ho raha hai wo bechara be qasoor tha,NA
Who's ummati batao,NA
Kon kon meri is baat se mutafiq hai ke hum Islamic comments in dramon par nahi karne chahiye taake be adabi na ho,NA
Meri tarah subah kisne munh dho ya hazri lo,NA
May Allah protect Palestine Sudan and Gaza their lands are hurting but their hearts remain full of strength faith and hope the whole world sees their pain and also their courage may the peace they deserve finally reach them may justice be done and may every family find safety and comfort we stand with you always,NA
Is time kon dekh rha hai,NA
Who does this? Desi family coming from Canada and forcing to wear the ring. What a dumb direction!!!,NA
Namaz parne ke taufeeq ata ho,NA
Aj Alizay khamosh q h,NA
Yr Nimra bohot khobsurat hai… zaroor kisi dramy mein lead actress ke tor pe ani chahiye,NA
Afsos bahut afsos ke kahan hamaray dramay compare na kiya karein bohot gunahgar honge,NA
Kon kon meray tarah subah subah drama dekh raha hai,NA
Alizay should help nimra i hope k alizay usse achi tareqey se support karen,NA
Hanan rocked Zafar shocked,NA
Mohra ka 1-59 all episode dekhne wale kidar hai Ek bhi episode miss nahi kia,NA
Kon kon meray tarah morning ko dekh raha hai attendance lagao,NA
Hamare walidain ko salamat rkhe or sehat de Ameen,NA
"Mohabbat aik gehra aur mazboot jazba hai jo kisi shakhs ya khayal ke liye bepanah chaht aur lagao ka ehsaas dilata hai, ye aik aisa ehsaas hai jo khushi, itminan aur tahaffuz ka baais banta hai, mohabbat insan ki zindagi me bohat se positive asraat dalti hai aur insan ko khush, sehatmand aur pursukoon banati hai, mohabbat logon ko ek doosre ke qareeb lati hai aur unhein ek doosre ki dekh bhal karne ki targeeb deti hai",NA
Daim Alizay ka mohra ho shayad kse lagta,NA
Nimra's eyes are so pretty and she is beautiful,NA
Muje lagta hai jo ladka hamza ki bahar se pyar karta hai wo badla le raha hai sikandar ki kisi victim ya kuch hoga jiska badla uski behen se lega,NA
Skip kar k dekhne walay hazri lagwao,NA
I love,NA
Kon kon last episode ka wait kar raha hai zara batao,NA
Ye aadmi to nimra ke dono bhaiyo se bara lag raha hai armeen anty andhi hai kya,NA
Tajurba kar chuki hoon har rishte ka ab bharosa sirf apne saaye par karti hoon,NA
"Hamara ilm tay karta hai ke hume kya kehna hai, hamari mahirat tay karti hai ke hume kaise kehna hai, hamara tarz-e-amal tay karta hai ke hume kis qadar kehna hai aur hamari danishmandi tay karti hai ke hume kehna bhi hai ya nahi. Subah bakhair",NA
Hanan bata nahi sher hai,NA
Meekal ki acting is drama me raise nahi hai jaise hum mostly dekhte aaye hain,NA
Hanan ki maa ko pata tha ke uski bevi ki duari shaadi hai,NA
Hanan ne dil khush kar dia,NA
I don't understand why everyone commenting vote for daily episode jaise inki koi sun lega,NA
"Rehan kitna funny lagta hai, and he looks aged too",NA
Vote for sikander loss in business,NA
Guy standing in same house backyard how can dime have beautiful house,NA
Kon kon subah subah uth kar dekh raha hai meri tarah please hazri lagwao,NA
Skip skip karne dekhne wale attendance laga do,NA
Ab Nimra ka tamasha shuru ho gaya,NA
Who is watching in the morning?,NA
17-11-2025 ko kon kon dekh raha hai,NA
Paisay ke baghair bhi guzara nahi hota gurbat teri,NA
Hamza baat karne ke time par muskurata kyu rehta hai har bar khushi ki baat nahi ho rahi hoti fir bhi wo hasta rehta hai ajib,NA
Kon kon subah hi dekh raha hai,NA
Zabardast drama Anushey ko insaf kab milega,NA
Kon kon meri tarah subah subah drama dekh raha hai,NA
Good Nimra pyar kiya hai to itna himmat hona chahiye,NA
Hamza ke papa bohot acche hain,NA
"When u wake up, don't immediately use your phone. Drink water and make wudhu. Pray for Fajr no matter how unintentionally late you were. Then sit on your prayer mat after Salah and make a lot of Dua. Read the Quran for at least 10 minutes. Do these every morning and you will be mentally, physically and spiritually lively, healthy and happy",NA
Aj to Sikander ne episode ke last mein entry mari,NA
Kon kon subah time dekh raha hai,NA
Mai night duty se akar Sony ke bajaye drama dekh rahi hun,NA
A jao sub drama dekhte hain,NA
Kon kon Sikander ki anjaam ke liye dekh rahe hain,NA
Itne ameer ho kar bhi loudly helper ko bulana par raha hai,NA
Guest ke samne refreshment ke liye kon is tarah cheekhta hai,NA
Anyone who watched all 59 episodes,NA
Love you,NA
I can't understand about Hamdani builder's it's a construction company but why they dealing about the clothing quality,NA
Kon kon mere tarah drama ka wait kar raha tha woh log sirf ajye,NA
Subha subha blanket mein kon kon drama dekh raha hai,NA
Kon kon subah 6 baje drama dekh raha hai,NA
Dining table drama instead of mohra,NA
1 to 59 all episodes dekhne wale attendance button,NA
1 buda nahi to 2nd buda seii Nimra ke liye aise hi larky mile,NA
Reyan is better than Dayem,NA
Darmoo ke neeche Islamic comments nahi kare plzzz,NA
Nimra acting is so good,NA
Mohra drama is very beautiful and best,NA
Beti ke rishte ke baare mein Armeen theek kar rahi hai itni dolatmand beti ki jab aish o ishrat puri nahi ho payengi to pyar mohabbat ka bhoot aise tezi se utrega jaise nai dulhan ka baraat ke baad muh dhone se makeup,NA
I love Muhammad,NA
Nimra is so decent and innocent,NA
Meri tarah kon kon subah subah ya drama dekh raha hai,NA
Daim to Hamza ke office mein job karta hai to Hamza usy kyu nahi pehchan raha,NA
AJ wali episode mazy ki thi acha dikhaya gaya humara Islam bhi yehi kehta hai baap ka pyar dikhaya gaya maan ki het deremi aur zyadati halanki woh bhi apni jagah sahi hai,NA
Is drama se ye sabaq mila ke jis ko thukra de uske naseeb bohot ache hote hain aur jo thukrata hai wo zaleel ho jata hai kon kon is baat se mutafiq hai,NA
Ye kaisa rishta dekhne wale na koi bahu mojood na koi beta mojood ek beta ghar mein mojood hai wo bhi nahi samne aaya,NA
"They should not give so much time on Deim, Faria, Nimra and Hannan, I watched episode in 3 minutes",NA
Kis muh se bol rahi hai bachchi bhi keh rahi hai or shadi ki jaldi bhi hai kya hai bhai,NA
Subah 6 bajh ke 5 min me dekh raha hun 17 November,NA
bhot acha karty hay ya log ,NA
Drama lamba kar rahe hain jaan boojh ke end hona chahiye,NA
"Drama dekhna to sab acha bolte hai, voting please",NA
1-101 dekhna wala attendance lagaye,NA
Hamari himat hai ke ham na 1-101 tak sari episodes dekhe,NA
"That random person who liked my comment, I genuinely pray that you and your parents are blessed with long happy lives filled with love and good health",NA
Im from Indonesia ... watched this series from episode 1 until finish,NA
Kaash sabhi ko aisa aur jaldi insaaf mile,NA
Yaqeen nahi ho raha last ep watch kar rahi hu,NA
"Bht acha drama hai, kon kon miss karega mere tarah",NA
"Jaan choti, ye tension roz ki",NA
"A sweet, happy ending that includes love for everyone",NA
OOo shukr hai finally is drama ki last episode ho gai,NA
"Finally happy ending, acting zabardast",NA
Ghar se hospital ate ate Zara ke kapre bhi change ho gaye,NA
"""Last"" ka word dekh ke kabhi itni khushi nahi hui",NA
Acha bas tension khatam drama khatam,NA
Shukar hai ye drama khatam howa,NA
Yeah drama bilkul bhi yaad nahi aye ga,NA
100 episodes mein zulm dikhaya aur 1 episode mein mafi,NA
"Drama patthar dil, khatam ho gaya",NA
Sukar hai majda anty ab tu ehsas hua apni ghaltiyo ka,NA
Ye last har drama ke episode mein hi ehsas ho jata hai,NA
"Light ki acting best hai, grmi lagti hai banda shower leta hai",NA
"Finally ending, be good for every human being, than God will bless you in life",NA
"Ali Abbas ki shakal mere husband se milti hai is liye mujhe achi lagti hai aur acting bhi kamal ki karte hai, bht nice person hai",NA
Pore drama mein ye majda achi bhi rahi aur end pe itni bhari bemari lag gayi,NA
"At least aise logo ke liye mafi nahi honi chahiye, drama ke end pe yahi hota hai",NA
"Last episode maza aya, kaash majda ko ehsas hua, par thoda aur dekhne ko milta",NA
"Zara ko sabaq milna chahiye, ta woto aise he hai na usy shor ke marne ka dukh hua na dhokha ka",NA
Me bhot miss karungi sabko,NA
"Mje dusra drama chahiye, just ali abbas ki wajah se me ye drama dekhti thi, I am big fan of ali abbas",NA
Lagta zor zabardasti end ho raha,NA
Drame main hi saza milti hai yahan to kisi ko nahi milti,NA
"Agr mard mohlas hu to orat bhi mohlas rehti hai, jis ko meri baat achi lagi woh likes kar de",NA
Zara ka face yammy gottam ki shat kafi milte hay,NA
":43 maine socha hospital jayegi, ruthee huye minahil ayegi",NA
Intahay ganda end hota hai Pakistani dramas ka,NA
Happy ending,NA
Last episode me anti ko rone ke liye bulaya tha,NA
"Zara ko koi kaam nahi, kapre change karne ke ilawa, jab ghar se nikli to aur kapre thay, jab hospital pohnchi to aur kapre thay, phir wapas aayi phir change ho gaye",NA
"Bhot acha drama tha, mujhe bht pasand aya, haqeeqat hai jo jese karta hai who waisa hi bharta hai",NA
Thank God ke ye drama end hua,NA
Minahil ki shadi ke baad sirf aik suit hi rah gaya,NA
Is ka replace drama kon kon dekhe ga,NA
"Yar bacha to dekha dete, ek dam 2 episode me bhag gaye",NA
Finally last episode dekha pura drama ka,NA
Puri serial me Zara ki adakari best rahi,NA
Majda ke rote rote drama khatam,NA
"Happy ending, kon kon khush hua",NA
"Insan apne aap ko kya samajhta hai, yateem ka maal kha ke bhi koi khush raha",NA
Hanan is a beautiful person,NA
Last scene is very good of waleed and manahil,NA
Writer and director jeetay raho,NA
Shukr hai end ho gaya,NA
"Happy ending, bohot miss karte ho sab log",NA
Kon kon is drama ko miss kar raha hai,NA
Gr se hospital pohnchty pohnchty ame aur Zara dono ke sot badal gaye,NA
Last episode me Ronaldo nahi aya,NA
"Bht acha tha, drama very nice",NA
Kon kon miss kare ga drama,NA
"Puri drama me bura karne ke baad last episode me accha ho jana, maaf kar dena ye dekh dekh ke bore ho gya",NA
15:09 khoobsurat alfaaz,NA
"Faltu kahani banate hai, akhir me acche banne ke liye kya zarurat hai",NA
Khuda ka wasta end kar do Dunia ka boring tareen drama dekh betha hun,NA
Biryani's OST is aur kuch bhi nahe dastan mai means ke is drama mai story nahe hai ab,NA
Gul Meher and Qureshi sahab ki sadhi ho jaye tu pura masla khatam,NA
Sakoon agaya jab Nisa ko acha sunaya hai unke mamu or mama ne bohat batmeez hai toxic,NA
Kuch aur mila nai to Nisa ki friend ki ami ko mysterious bana dia,NA
Aese lagta hai,NA
Aese lagta hai jese Gul ye Meeran ke bodyguard se pyar karti hogi,NA
Maheen ko drama ki heroine hona chahiye tha kitni pyari hai masoom si Ramsha tu clever face ki sundi lagti hai,NA
Story ka quality low ho rahi hai,NA
Babar Azam idhr bhi out hogya yaaar kya scene tha woh,NA
Skip Kar ke dekhne wale hazri lagwao,NA
Finally Qureshi sahab ka izzat hua,Na
apni sincere aur pyari wife nazer aajaye,NA
Muje q lag raha k Maheen k lapata father Meeran k father hi honge,NA
That story part is quiet interesting it's like reading a novel yummmyyy biryani,NA
Khushhaal Khan is a methodical actor his movements of hands are expressive,NA
Heads off to the acting of Meeran great mind blowing,NA
Jab shak yaqeen mein badal jaye saboot bhi mil jaye phir kya hota hai,NA
With in 2 minutes khatam,NA
Ye log biryani hi khatay rehty hain har waqt,NA
Nisa's behavior is very rude with everyone but the story of Maheen's mother was the most emotional and heart touching of this episode,NA
Ye drama main sonay k liye dekhti hun neend aa jati hai,NA
I watched this drama only for Meeran,NA
Har baar is ummed se next episode dekhti k shayad is baar kuch interesting ho ga,NA
Best character Nisaa's ki ammi,NA
I love Mamu jaan,NA
After reading all the comments I would love to remind everyone that the writer brought up a character that still exists in our lives somewhere and it's necessary to know how they behave and how to react with them,NA
Itna important baat kar rahe hain aur peche itna loud cricket match lagaya howa hai wah director wah,NA
Maheen is pretty and dressing sense is good too,NA
This is best example of aloo biryani,NA
E sab ajkal ka larkiya kaise samjhenge,NA
The world first wife jo apne husband ko uske relationship mein support kar rahe hai,NA
Wese waqi Nisa boht selfish h ajtak kisi k sath hamdardi krte dekha nahi strong girls ab aise bhi nahi hotin k sab se badtamizi kren ya dil hi sakht ho jaye,NA
Nisa ki maa sab se achi hai is drama mein,NA
Emotions he bhai legend he samajh sakte he drama ko,NA
Only 1 minute main drama finish kya hai mene,NA
This drama has become too stretched out and directors should avoid dragging episodes too much or else viewers begin to lose interest and the story becomes dull,NA
The way Meeran lost in the world of thoughts while hearing Maheen's mother story looking so innocent,NA
Biryani nahi ye to khichri hai,NA
Bas kardo yaar aur kitna ghaseetoge,NA
Maturity is when you realize Nisa is the most toxic character she's rude to everyone i just hate her she is the real villain,NA
Why Maheen's mother is giving long pauses while speaking jaldi khatam karni chahiye the story,NA
Sacchi me iski maa itna bhola jai,NA
What a great artist Lila Wasti is,NA
Kushhal Khan was best acting itni real acting lagta hi nahi k acting keraha hai sab real lagta hai drama slow hai but acha hai samajh ane walon ko samajh araha hai,NA
Is it only me ya waqai Meeran ka accent baaz dafa samajh nahi ata especially jab wo English bol raha hota hai aesa sirf mujhe lagta hai ya kisi aur ko bhi,NA
Itni koi gham wali story nahi thi jo yeh dono iss tarha sun rahay hain toba,NA
Yeh sirf Biryani nahi hai balke kache gosht ki biryani hai jise khob achi se masalay lagaye gye but akhir mein dum pe rakhna bhool gye,NA
Khoshal Khan ki acting bohat achi hai zabardast aur Gul bohat khubsorat hai Nisa tu bohat badsorat hai,NA
For everyone who is giving hate to the story it’s actually very intelligent and sophisticated clever writing and screen play,NA
Mehran ko bebus majboor dekh k kesy khushi k expressions hoty hai Gul mohar k.n she pretending k wo Mehran ka sarh day rhe she's a big red flag,NA
Khushhaal ki acting lajawab,NA
Arr kitna khichna hai drama 27 epi tak agya aur ab tak Nisa ko samajh nahi ara kis gali jana hai,NA
I think Meeran and Mehreen are half-siblings Meeran's father probably married Mehreen's mum and then left her maybe also does not know about his daughter,NA
Qureshi sb is drama mein faltoo nahi hain koi tu important role hai inka,NA
Bor hota ja raha day by day,NA
Its strange how one family member attitude effects the whole family so stay happy for the sake of your loved ones even when you are not happy,NA
tum bohat acha kam karte ho,NA
bohat acha kam karte ho,NA
tum  acha kam karte ho,NA
tum bohat acha kam karte ho acha kaam kar rahy ,NA
tum bohat acha kam karte ho acha kaam kar rahy bhot hi ,NA
matlab kya hai,NA
matlab kya hai tumhara,NA
matlab kya hai na kar,NA
matlab kya hai shi baat hay bhot achy ho ,NA
What a khch drama nowadays hr hfta yeh he sochty hain k next episode mein behtar hoga hut phir se wo he bakwas or 2x k speed se dekhna,NA
Nisa is using Rashid Bhai and this is very bad he is very loyal and innocent he truly loved Nisa,NA
Biryani ab khichrri ban gya hai should change the name now,NA
Ye larki bara chalu nikli,NA
Is drama ko aur mehrha drama ko ab band kar dena chahiye,NA
Nisa ne toe aisa kuch nahi kaha Meeran se help me find the other side of the story kuch bhi,NA
Cricket ka kya add kar raha hai kya,NA
Maro dey deo koi number Maheeeeennnnnn da,NA
Bhool gaye beech mein kya karna tha is drama ka,NA
Kya paka rahe hai ye log kasam se ek manto dekh k gaaliyan nikli ab ye drama dekh k nikal rahi hai,NA
Pata ni kon log hain he jinko samajh nahi araha how helpless they both no one feel the pain bs romance chahiye sabko,NA
Gul mehr ki aankhon ka dard kis kis ne mehsoos kiya,NA
Subh subh dekhne walon ko mera salam,NA
Babar king k naam dramo mein bhi chal raha hai ab kaptana,NA
Itni pyari ammi ki itni koi beti Maheen,NA
Baloch to drammy mein bhi lapata hai,NA
15 episode ke baad mohabbat kara detein hai aur phir sare drama ki asi tesi hojati hai is ke alawa koi aur story nahi likh sakte,NA
Maheen is very sweet and humbel beautiful but Nisa is very toxic rude with everyone hate har,NA
Is chacha ko Mirzapur bhej do,NA
My brainroot is telling the plot twist would be Meeran kay abba say Maheen ki ammi nay shadi ki thi,NA
Are ye lab hua pehle hi boom phor diya,NA
Biryani se haleem ban gya hai,NA
Aisa laga aunty Titanic ki story suna rahi hai,NA
Kon hi jo match commentary me zyada interested tha then Gul ki bato me,NA
Drama extend karna hy to at least koi practical reason hi dhond letay 2 weeks se project ke peeche sare characters lagay huay,NA
Heart touching acting by Meeran,NA
Shukr ye episode boring nahi hai,NA
Aaj ka episode emotional tha Nisa - Meeran ka rona nahi dekh pa rahi hun,NA
Mujhy ab tak is baat ki samajh nahi ai k is drama ka naam Biryani kyu rkha hai,NA
Kitni boring qist thi bas drama ko lamba khinchne ke liye fazool scene,NA
Can't believe it's so much watching 2 feel like skipping the episode I used to enjoy the show now it seems like punishment who cares about Mrs Yusuf,NA
Bs koi itna guide kar de k agay drama dekhon ya chor don,NA
Boht he extra time tha mere pas soch khichrri drama dekh lu,NA
Boht he extra time tha mery pas soch khichrri drama dekh lu,NA
Ab to ye drama bor hota jata hai,NA
Nafrat ek aisa hathyar hai ke jab aap use istemal karte hain to sab se pehle apka nuksan kar dete hain,NA
Day by day getting bored,NA
Ab lambi kar rahy hain aadha drama to forward kar k dekhna start acha tha,NA
Susssssssst thakka huwa drama,NA
Mamoon and tanno are gems Mamoon probably is a theatre actor,NA
Kis kis ko lagta hai Qureshi ki shadi Gul Mehar se hogi,NA
Meer ki kamal adakari,NA
Bass yahan he khatam krdo is drama ko or nhi dekha jarha,NA
Meeran & Gul ki conversation was heartfelt,NA
Bas kardo plz khatam krdo boring ha boht drama karna bhi nh aata,NA
I am from Bangladesh,NA
Boht excitement main first episode se start kiya tha now I'm bore this drama,NA
Not everyone will understand the pure emotion of the scenes,NA
Fazul thareen drama plzz iska end krdo plzzzz,NA
Actually Biryani showing after 17th episode the picture of real life very good story think deeply,NA
Is Biryani ki kichdi q bana rahe ho yr har koi nahi samajta ac store booj ho rahe mujhe per,NA
I love Maheens character she gives so pure and cozy vibes i wish Maheen ki love story hoti jisp focus hota,NA
Halal relation hoty huy haram pa zor ha pathetic dramas these days,NA
2X speed waly hazri lou,NA
Lagta Maheen aur Meeran ki love story shuru ho gai hai,NA
Uff all characters are the best performance r superb story line is different and well knighted Ramsha Khushal Sarwat Mamoo Jan Rashid Tuno Maheen excellent job Laila Wasti,NA
Nisa ko kisi ki parwah nahi siwaye apni zaat k she was so rude with Maheen and didn't even think about her pain,A
Bichara Qureshi saab,NA
Samne wali Shabana to qatil aashiq nikli,NA
Biryani din ba din boring ho gaya h isey jaldi khatam ho jana chahiye,NA
Biryani ka raita phela diya hai writer ne its Zafar Meraj's second serial which disappointed me first one is Dil Wali Gali me,NA
Kidney touching story,NA
Nisa is very confusing character she is selfish she is emotional she is egoistic but she hates and loves at the same time,A
Maheen py bhi camera lagana tha as it was story of her family,NA
Biryani pe pura raita dal diya,NA
Biryani is getting bored day by day,NA
Maheen ka number dey do koi kherat me,NA
Nisa's friend is Meer's sister,NA
Yar kahan milty hy aiesy Meeran jaisy loug,NA
Uffh…how painfull it is seeing ur husband crying for any other woman,NA
"Why do I feel Maheen's mother was involved in Mir's father he told in previous episode about his ""ishq""",NA
Mamu jee ki acting bht zbrdast hai,NA
This drama has no story left just repeating same thing again and again,NA
I will see the whole drama with 2× speed,NA
Tanno's hair are much beautiful and heavier,NA
Strong portrayal of how you're not supposed to take anyone's trauma forgranted if they dont show doesn't mean it doesn't hurt,NA
Tannu is THE main super cute character of this drama and played very well,NA
Ho kia raha hai is dramey mein koi samjayie ga,NA
Can we have the last episode now,NA
Ye drama Khan sy Khan ja rha h koi smjh ni a rha,NA
Yeh story tw kisi aur taraf he nikl ghi,NA
"Oh my god I feel like Meeran's father is Yousaf Baloch, Mahin's father",NA
Ho kia raha hai aakhir is dramay mein bus chalay jaa raha hai,NA
He is crying a man is crying yarrrr,NA
At this point the teasers are more interesting to watch than actual episodes,NA
Mhuji aesa q lag raha us darme me sab Nisa or Meeran ko milane ke chakar me hai,NA
Ya drama kisi bakwas admi ne likha pta nai Maheen ke ami abu kha se agaye ab or koi topic ni mila tha,NA
Kash Gul Mehar khin chli jae is drama se wapis na ae,NA
Unnecessarily dragging the drama bhai khattam kroooo,NA
Maheen was so beautiful,NA
Bekaar and fazool drama jisme teacher couple bna rha hy,NA
Lagta he Gul Nihal k sath hogi end me aisa lagta he,NA
English ma bisti krwane ma to bisti be nahi lagti,NA
Kashmir banega Pakistan support from USA,NA
Maheennnnnnnnnnn,NA
Writer kia smjhana chaha rha hy human psychology? Yeh Gul Mehar or Meeran mn itni understanding dikhayi jarhi hy phr itna complex kiun horha hy Gul Mehar kbhi kbhi space creature lgti hy,NA
Where is cricket lover,NA
12-13 episodes ke drama ko kis tarha khaincha jata hai wo ye drama dekhay so boring and draged,NA
Maheeen ki mother is very very pretty,NA
Ap ne kia hai ISHQ? Tuje nzr hi nhi aa rha wo tmhri khushi k lye maar rhi hai khud ko,NA
Kabuli Pulao to bohot acha bun gaya tha magar Biryani nahi bun paee,NA
Maheen is a good product in this drama inko agy heroin lay v attractive good actress,NA
Match Pak vs Wi ka lga hy or commentary Pak vs Aus 2024 1st ODI ki hy,NA
Daram mein Kuch bhi nhi bor Daram ab hatan ho jana chahiye,NA
Why I wasted my 2 min,NA
She unintentionally gave them the answer to all their issues,NA
Kahin Maheen Meera Meeran ki step sis tw nhi,NA
Toxic hy to chal ray sae ho ga sb to drama khtm,NA
Meeran ek style shirt different colors may uniform ki tara pehan raha hay,NA
Why wasn't the episode translated into Arabic,NA
Zabardasti stretch kar rahe hain no content each episode looks forced story kahan hai,NA
Match Pak vs West Indies ka lga hua Or wicket Adam Zampa ny li Babar Azam ki,NA
27 vein tarmeem mein is drama ko khatam kiya jae awam ka mutalba,NA
I like Maheen she is so beautiful she looks like Parineeti Chopra,NA
20 episode kebad ye drama 100% Bakwaz hogya,NA
Maheen and her tumbler,NA
Why you are not using Mera yaar milady ost in the drama please use this it's beautiful,NA
Gul ko dekhte hi dimag kharab ho jata hai khoon bahane lagta hai sar se,A
Too much slow this drama I skipped 2 episode but not missed anything,NA
Meeran makes me emotional,NA
Ishq khuddar darakht? Ya khudroa darakht,NA
Muje lgta hy mje Maheen se mhbt hojae gee,NA
Kio ais drama ko khatm karwa da,NA
It's better to end now instead of stretching badly,NA
Nissa ki mother so good,NA
Beech me pta nai kia kia stories dal di hen,NA
Nisa is so khudgarz sirf apna sochti h wo usy baqi kisi ki feelings ka koi ehsaas nhn h bs usko apni cheezen nazer aati hain or agr cheezen uske mutabik na hon to wo rude hojati h,A
Aunty ne age ki story bata di,NA
Mein ny darama chor Nhi tha Dakhna likn Phir Socha k nisa ka kia bna hoo ha Phir aj daka,NA
"New characters new stories just dragging me ak episode miss ni krti thi even mints dekhti Rehti thi k khtm to ni hny Wala n now last 4 episode 2 ,2 din k bad Dekhi hn woh b agy agy kr k..q k koi aur option b nai tha itna boring ho rha h ye ab",NA
CBA ARMY here,NA
This drama is growing boeing day by day,NA
Mujhe pehle laga maheen and meraan step brother sister hoga baad mey jab meraan confirm mil gaya maheen ke papa toh sukar hey,NA
Maheen and mir meeran are siblings,NA
Ufffff ya ARY ny kasa drama bnya,NA
I only came here to listen the music of this drama Amazing,NA
Nisa is so damn khudgaraz... Kisi ki feelings ki koi parwa nahi hai,A
Mujhay Laga ye drama bhi duniyapur ki tarha hit Hoga lekin ye to story itni bor hai,NA
Mind-blowing acting by all the actors,NA
Boring hota jara he drama. Bht slow chal raha he,NA
Nisa ki maa ko chahiye k usy 2 chapairain lagaye taa k usy hosh aye,A
Zampa got Babar in first odi nd Pakistan won the series by 2-1,NA
Dustbin Ho Gaya Hai Drama End Karo Bacha Ab Kuch Bhi Naheen Hai Story Men Fazol Men Khenche Ja Rahy Ho,A
25:10 Paghal,NA
Bs end kr do drama koi story ni bchi hui bhaiii,NA
After enjoying 1st 5 episode..I stop watching this drama ...but I will watch it's last epi then will decide k watch all epi ya not,NA
Khatam karo ab ye jaldi se,NA
"Meeran & Nisa are totally into each other. Nisa can’t live without him , she feels helpless & cries. Aor Meeran tau krta hi hai piyar. Sari batain Gul Mehr sae share krta hai",NA
Latkaya ja ra ha dramay ko ab koi story inhy smj nai aa rae. Naye naye chracters dal ry hn ab maheen ki ama a gae jo pury dramay me nai dikhaye,NA
Nisa day 1 se hi esi battamiz h,A
ARY se request hai plss last episode jaldi dikha do,NA
Asa fazul drama kbi nhi dekha .. pta nhi bgher story k kis trah keench rhy itna Lmba,A
Vote for last episode,NA
26:30 Babar AZAM,NA
Yah Drama km Thesis project ki class ziada lg rhi hai,NA
"i seriously love this drama's authentic different story also meeran , nisa , gul meher mind blowing acting purely natural",NA
I think maheen and mother are in real relationship,NA
Meran is unaware about the inner feelings of mehr banu,NA
Ramshakhan,NA
I really wonder how everyone  biryani,NA
"Nisa ek self centerd,confused r rude larki ha",A
Qureshi sahb k mathe pr mehrab Mashallah,NA
Meeran ne keh kya dia is nissa ko jo is ko itna gussa aata ha us pe anytime mera dill kar ra ha ma 2 4 thappad maarun kasam se ise seedhi ho jaae gi phir ye,NA
"Drama buht bori g hota ja raha hai, fazool mn khench rahy hain",A
Nisa ki shadi Jldi sy Jldi Rashid k sth ho jaye,NA
"Shuru mai axha tha drama, par ab to bhttttt zaida boring ho gaia, esa lgta jesy koi indian drama dekh rhy, jis ki koi story ni",NA
"inthai koi ajeeb drama hai , pata nh kya dikhana chah rha hai writer ! upr se ye nisaa itni koi irritating hai",NA
The convo between maheen and Meeran was so awkward bro,NA
zampa ny babar azam ko out kr dya,NA
So yousaf sahb meeran k Abba niklny waly,NA
Khsuhal khan performed very well,NA
6:11 yarr maheen aur meer kai darmeaan khuch hian kiaa,NA
Starting episodes buhat achi thi Maza arha tha drama dikhny ma after nisa and meraan breakup ab aisy fazool bharha rhy darmy ko jise indian dramun ma hota ha khani ka koe sar pair nhi ha pata nhi kyun ab ye drama bilkul boring lag Raha ha,A
Floop tareen drama,NA
Yeh kya story hain,NA
"26.37 Ishaq khuddar darakht nahi khudrow darakhat hai. Big channels should have better direction please. Any why are the being SOOo ANGRAIZ? They come from a cultural background, the boy has never gone to school and the have so Angraiz expressions. Poor direction!",NA
Maheen bht cute ha,NA
Ye taveez k sath ya kaya pass pass kehl rahe hain kabhi koi pehn leta hai tu kabhi koi,NA
Boring dream ban gya ye ab,NA
Yallah itne bure out of the blue dialogues kabhi nehi suna,NA
I really like nisa's mother,NA
Drame dekhne ka ab Mann hi nh karta .. bhot boring story hogyai hai ab . Start me acha ab utna hi boring,A
Yar idr b Babar Azam out ho gya,NA
I like just mamo Jan and Nissa Ammi Jan,NA
"Pata Nahi comments mai half story dekne K bad loog analysis dena SHoro kardete hai ,yahe scenario practical life mai b hai ,bagher deke just sunne p pora image Bana Lete hai insan ka",NA
Actor kamal k hn is dramy mn likn drama story boht boring hy,NA
Nisa AKA Ramsha khan is toxic irl too,NA
Maheen is looking like parineeti chopra,NA
Yeah Rashid bhangi actor character ko nikalo,NA
32:55 shumaila se Shabana ban Gaye ,NA
Meeran acting ,NA
"Angraisi weak thee , na hee bola karain tou acha hai",NA
13:16 Mamu Jaan’s Reaction was,NA
Phly bht axag rha ta drma ab tu blkol bkwas hu gya,A
Mehran ko dikh apna AP yaad ata hai. Or phir AK cheez Dil ma ATI hai Koi itna acha kesy lag sakhta hai phir sary ka Sara kesy lag sakhta hai 29:00,NA
Maheen ki Acting line Nisa bht behtr Ramsha Khan should work hard... Mahnoor is winning the heart Nisa's character is ghareeb larki jo sbki izzat hathon m liye phirti hn aise nai hoti her kisi ki insult bs,NA
Nisa ko shram to ni ati koe zara si b empathy ni ha Maheen k lya,A
I think maheen and mother are in real relationship,NA
24:15 Nisa's bag and Meeran,NA
Every week i watch one episode n skip one,NA
Why is drama screen so dark ??? Or is my phone nit working properly ,NA
Nisa is so rude and toxic nowadays just wanna get over her how can someone even face her . She thinks she is the best and everything for her needs to go smoothly ,A
Now this drama is so board. Jtne shoq se dekhna shuru kia tha.ab samjh hi nai aarha k kia dikhana chah rhe han,NA
I think meeran and mahin ke pappa ek hi hay,NA
Gosh this Nisa is so toxic man. I don’t know how people tolerate her let alone be in love with her ,A
Boring hogya ha ab ye drama end kr den plz,NA
Gul dafa kyun nai krti esay husband ko,A
Nisa is just self obsessed and khudgarz girl who thinks whatever she’s going tó through is the most painful thing ever invalidating others feelings taking her frustration out on them and on top of that she justifies herself and doesn’t even consider her actions wrong until her mother and mamu question them,A
Ye kia tha aur kuch nahi ab iss dramay mai draggggggggggggg,NA
This drama started in a good note and now down the drain,NA
She is a sister of the hero of this drama the father is definitely hero 's father,NA
kia fazool hay itna chawal darma ,A
Maheen is so cute ,NA
Meeran deserves GulMehar not ill-mannered and khudgaraaz Nisa,A
chawal insaaan paya gaya jay,A
"Boring part,, but love From Bangladesh ????????????????????",NA
Pata nahi yeh drama banaya hi Q hai ,NA
Ye sari shabana aisi kyun hoti hai?,NA
28:15 most emotional acting by khushkhal khan ,NA
"Kitna koi bskwas drama hota ja rha hai, ghalti krli daikh kr x pe kr k daikhny pr bhi inthae slow ?? end krdo ab bkwas ka",A
bakwass hay darama kia kary ab ,A
2:06 qureshi ,NA
Nisa ki bina baki saab larki acchi hain iss drama ki,NA
"These writers are constantly, in every drama, confusing rude, self centred and toxic women with strength and independence. Bad. Nisa is one such woman, ugh",A
"ye to marvel ki vfx war chal rhi thi ust kidding, it was a good episode",NA
Drama name should be..... Ishq.e.lazawaal,NA
24:40 bag ko kitny pyar set kia,NA
Mehran make me cry ,NA
Story is so stupid I think writer biryani ki jagah kichdi banana chahta tha,A
kahani me kahani bass kar dho kahani how rude nisa,A
How Nisa talk to her mother so disappointing,NA
The leading actress shouldn’t be this much toxic !!! This drama doesn’t need any Villain !!!,A
Adhir be Babar out ho gia gize,NA
Ep ki start hi mein ehd e wafa yani apny dramy ka ost Laga dia waaa wahaj,NA
"after ""Dil Nawaz"" Wahaj ali again in a horror drama. Sehar khan is a beautiful jinn. they will rock this time ",NA
Omggg romaisa in a drama obsessed ,NA
27:31 already seen this scene on tiktok someone says it's was really angry on director but actually it was this scene,NA
Hollywood Ki Horror Movies Dekh Kar Darr LagTaa Hai Or Pakistan Ke Horror Dramen Dekh Kar Hasi Aati Hai ,NA
Looks like ke director ka budget bohat hight that isilye sehar wahaj aur arsalan ko cast kiya,NA
"Arsalan Naseer owned this episode! The dialogue delivery and control was masterful. ""Ganji Shumaila!"" XD",NA
Wahaj comedy side,NA
"This drama is a perfect blend of Horror, romance and comedy. ",NA
Off!! Starting With Ehd Wafa Ost Ab To Dil Kar Raha Hai Ke Ye Drama Chod Kar Ehd Wafa Drama Dubara Shuroo Karlu ,NA
Only wahaj Ali and seher Khan fans attention Harry,NA
Why there's ehd E wafa song in start I miss them so much ,NA
How many Bangladesh here??,NA
Omg Ehde wafa OST playing in start of episode pure nostalgia ,NA
This lady is representing Norma 21:09 ,NA
WahajAli fans can feel the happiness of this day and this show,NA
Wahaj and Romasa khan uffff outclass chemistry ,NA
kya me hi sirf Nepal se ho?,NA
"Sukr h wahaj ka koi drama aya, I'm big fan of him. I always watch his old drama. His looks is like ishq jalibi.",NA
"jo cheez garam hoti hai, wo kharab ho jati hai'  kya bol rahi hai madam",NA
Very Excited to see Wahaj Ali and Sehar Khan together very refreshing couple  he is looking handsome and Sehar will be the gorgeous churil ever ,NA
Love from Bangladesh mere Pakistani Bhai or peyari beheno ????????????????????,NA
27:11 yai seen viral ho chuka Hai Log keh rahay thay saifi Aur wahaj ki ladai hoyi hai,NA
My fav Sehar khan. Love from Bangladesh ,NA
This is The First drama jis ki sari cast outstanding h aur hum sab ki favorite bhi h,NA
Ae Ishq mujhe 1 baat bta Kya h Ishq? Kya h Ishq? Wonderful Lines,NA
Owesome song waqaii pakistani drama k Ost lajawab hote hn,NA
Ay ishq mujhy ek baat bta Kya hai ISHQ kya hai ISHQ,NA
Kis kis ko ya drama accha laga Like or commnt kr k bato frnds,NA
Iss gaane ko sunkar ehsaas hota h ki mohabbat kya chiz h aur kitni majbooti se har chiz ka samna krti h well done,NA
"""kia hai ishq khuda hi jaane, Keya hai ishq jo aap khuda ne"". What a Beautiful lines, one of the best ost of recently ongoing dramas with unique one of a kind storyline",NA
Sara khan voice is heart touching,NA
Beautiful OST! Wish it was longer,NA
One of the best OST and best drama after a very long period by HUM tv,NA
Story is interesting all stars acted well,NA
Bakchod aadmi phir bhi kaam acha karta hai,A
Gaandu model ne sabko gussa dilaya aaj,A
Lund dealer ka attitude bohot zyada funny hai,A
Gaand bacha sabko tang kar raha hai yaar,A
Fuddu master drama mein bilkul fit nahi hai,A
Loda bacha har waqt sirf bakwas karta hai,A
Bakwas joker ne sabko hansi se pagal kar diya,A
Bhosdi master ka style kisi ne follow nahi kiya,A
Tatti legend ki wajah se scene kharab ho gaya,A
Madar rider ne dialogue bohot kharab bol diya,A
Bhosda model ka acting kabhi acha nahi lagta,A
Gaandu waiter sab orders galat laa kar aata hai,A
Chodu driver ne sab ko pareshan kar diya,A
Fuddu joker ka role bilkul fit nahi hai,A
Bakwas player ne game mein sabko fail kar diya,A
Lund lover har waqt sirf drama create karta hai,A
Gaand shooter ne sab logon ka mood kharab kar diya,A
Loda teacher ki class bohot boring aur useless hai,A
Bakwaas painter ne painting sabko bilkul pasand nahi aayi,A
Chodu singer ne gaana itna kharab gaya ki,A
Tatti painter ne canvas pe sab kuch galat banaya,A
Fuddu singer ka singing style kisi ne appreciate nahi kiya,A
Bhosda lover har waqt sirf tension create karta hai,A
Madar barber ne sab ke bal galat kaate,A
Gaandu artist ki art kisi ko samajh nahi aayi,A
Loda joker ka acting style bohot hi ajeeb hai,A
Tatti singer ne stage pe sab ko irritate kar diya,A
Bakwas dancer ka dance moves sabko confuse karte hain,A
Chodu leader har waqt sirf orders galat deta hai,A
Bhosdi painter ne color combination bilkul kharab choose kiya,A
Gaandu gamer ne game bohot badly khela sab ke samne,A
Loda dhobi ne sab kapde galat dhoye aur kharab hue,A
Gaand fan ne match ke rules galat samjhe aur bola,A
Fuddu thinker ka idea sabko samajh nahi aaya yaar,A
Bakwaas poet ki poetry bilkul meaningless aur boring thi,A
Tatti thinker har waqt bakwas soch mein busy rehta hai,A
Madar painter ne canvas pe sab galat draw kar diya,A
Loda chef ka khana bohot hi kharab taste ka tha,A
Gaandu joker ne sab ko stage pe confuse kar diya,A
Bhosda dancer ka performance bilkul weak aur irritating tha,A
Tatti worker ne kaam bohot hi sloppy kiya sabne dekha,A
Bakchod writer ka dialogue bilkul samajh nahi aaya scene mein,A
Loda actor ka acting style bilkul unnatural aur ajeeb hai,A
Fuddu captain ne team ko har match mein fail kar diya,A
Gaandu dancer ne sab steps galat perform kiye stage pe,A
Bhosdi mechanic ne machine repair bohot hi kharab kiya,A
Tatti mentor ne guidance bilkul galat aur confusing di sabko,A
Chodu agent ne mission bohot hi badly handle kiya,A
ayega part khoti bachy,A
 part khoti hay to,A
kia hal hay,NA
suna kia hal hay,NA
tera kia hal hay,NA
Court se military ne tere jaise kutay ke lea bhe trial rakh dea hai matar chod ja ker ab foujion ka peeshab pee dale,A
"Tu pagal ho gaya hai kya dimag kharab hai tera,",A
"Bewakoof insaan kabhi sudhar nahi sakta,",A
"Teri shakal dekh kar ulti aa jati hai yaar,",A
"Chup kar ja warna thappar maronga,",A
"Nalayak insaan kuch bhi nahi kar sakta,",A
"Teri aqal ghaas charne gayi hai lagta hai,",A
"Kamina insaan har waqt bakwas karta hai,",A
"Tujhe sharam bhi nahi aati apni harkat par,",A
"Ghatiya soch wala insaan hai tu bilkul,",A
"Tera dimaag kharab hai poora paisa wasool,",A
"Bevakoof ka beta har jagah hungama karta hai,",A
"Tujhe tameez seekhni chahiye pehle jaake,",A
"Nalayak insaan society ka bojh ban gaya hai,",A
"Tera munh dekh kar dar lagta hai sach mein,",A
"Kamzor dimagh wala insaan kuch nahi samajh sakta,",A
"Tujhe apni galtiyon ka ehsaas bhi nahi hai,",A
"Beghairat insaan ki koi izzat nahi hoti,",A
"Tera logic bilkul zero hai kuch samajh nahi aata,",A
"Jahil insaan kabhi seekh nahi sakta kuch bhi,",A
"Teri baton mein koi dum nahi hai bilkul,",A
"Chutiya jaise harkat karta hai har waqt,",A
"Tera attitude dekh kar gussa aata hai mujhe,",A
"Nalayak banda har kaam mein fail hota hai,",A
"Tujhe dimaag istimaal karna nahi aata bilkul,",A
"Kamina jaise log society ko kharab karte hain,",A
"Teri soch itni ghatiya hai ke bayan nahi kar sakte,",A
"Bevakoof insaan kabhi taraqqi nahi kar sakta,",A
"Tera munh bandh kar warna problem ho jayegi,",A
"Jahil aadmi ko kuch samajh nahi aata kabhi,",A
"Teri harkatein dekh kar sharam aani chahiye,",A
"Nalayak ka beta har jagah masla khara karta hai,",A
"Tera dimaag kaam nahi karta lagta hai bilkul,",A
"Kamina insaan ki koi aukaat nahi hoti,",A
"Tujhe tameez nahi hai baat karne ki bilkul,",A
"Ghatiya insaan apni aukaat mein reh,",A
"Tera logic sun kar hans padta hoon main,",A
"Bevakoof jaise sochta hai tu hamesha,",A
"Teri shakal se nafrat hoti hai mujhe,",A
"Nalayak banda kisi kaam ka nahi hai,",A
"Tera attitude adjust kar apna pehle,",A
"Kamzor zehan wala kuch nahi kar sakta,",A
"Tujhe apni galti maan leni chahiye,",A
"Jahil insaan ka koi ilaaj nahi hai,",A
"Teri baton ka koi bharosa nahi kar sakte,",A
"Nalayak aadmi har cheez mein fail hota hai,",A
"Tera dimaag ghaas charane gaya hai kya,",A
"Kamina banda har waqt jhooth bolta hai,",A
"Tujhe sharam ka pata bhi hai ya nahi,",A
"Ghatiya harkatein band kar apni abhi,",A
"Tera logic bilkul pagalon jaisa lagta hai,",A
"Bevakoof insaan ko samajh nahi aata kuch,",A
"Teri soch itni chhoti hai ke hans padta hoon,",A
"Nalayak ka dimaag bilkul kharab hai,",A
"Tera munh dekh kar chakkar aate hain,",A
"Kamina jaise log duniya ko kharab karte hain,",A
"Tujhe aqal istimaal karni seekh pehle,",A
"Jahil banda kabhi nahi samajh sakta,",A
"Teri harkat dekh kar gussa aata hai,",A
"Nalayak insaan society ke liye lanat hai,",A
"Tera attitude theek kar apna jaldi,",A
"Kamzor soch wala kuch achieve nahi kar sakta,",A
"Tujhe tameez seekhni zaruri hai abhi,",A
"Ghatiya banda apni aukaat mein rahe,",A
"Tera logic sun kar dimag kharab ho jata hai,",A
"Bevakoof jaise baat karta hai tu hamesha,",A
"Teri shakal dekhne layak nahi hai bilkul,",A
"Nalayak aadmi kisi cheez ka nahi hota,",A
"Tera dimaag bilkul band hai lagta hai,",A
"Kamina insaan ki koi value nahi hoti,",A
"Tujhe apni galtiyon ka pata nahi chalta,",A
"Jahil banda kabhi sudhar nahi sakta,",A
"Teri baton pe bharosa karna mushkil hai,",A
"Nalayak ka beta kisi kaam ka nahi,",A
"Tera munh bandh rakh thoda waqt ke liye,",A
"Kamzor dimagh wala success nahi ho sakta,",A
"Tujhe sharam bhi aani chahiye thi,",A
"Ghatiya soch wale log bekaar hote hain,",A
"Tera logic bilkul faltu hai yaar,",A
"Bevakoof insaan apni aukaat dekhe pehle,",A
"Teri harkatein sab dekh rahe hain,",A
"Nalayak banda har cheez mein zero hai,",A
"Tera attitude sahi kar warna pachtayega,",A
"Kamina jaise log nafrat failate hain,",A
"Tujhe dimaag ka istimaal karna seekh,",A
"Jahil aadmi ko koi samajh nahi aata,",A
"Teri shakal par thookne ko dil karta hai,",A
"Nalayak insaan kabhi kaamyaab nahi hota,",A
"Tera munh dekh kar tabiyat kharab ho jati hai,",A
"Kamzor soch se kuch hasil nahi hota,",A
"Tujhe tameez ki bohot zarurat hai,",A
"Ghatiya banda apni aukaat mein reh,",A
"Tera logic paagalon se bhi ghatiya hai,",A
"Bevakoof jaise harkaten band kar,",A
"Teri shakal par thappar maarne ka mann hai,",A
"Nalayak insaan kisi cheez ka nahi hota,",A
"Tera munh dekh kar nafrat hoti hai,",A
"Kamina banda har waqt jhagda karta hai,",A
"Tujhe dimaag lagana nahi aata bilkul,",A
"Jahil insaan ko samajh kaise aaye,",A
"Teri baton ka koi matlab nahi hota,",A
"Nalayak aadmi apni aukaat mein rahe,",A
"Tera dimaag ghaas charne bhej diya kya,",A
"Kamzor dimagh se kuch nahi hota,",A
"Tujhe sharam aur tameez dono chahiye,",A
"Ghatiya soch wala kuch nahi kar paata,",A
"Tera logic bilkul pagalpan hai,",A
"Bevakoof insaan ki koi value nahi,",A
"Teri harkat dekh kar hans padta hoon,",A
"Nalayak ka dimaag bilkul ghaas hai saara,",A
"Tera attitude theek kar varna dikkat hogi,",A
"Kamzor zehan wala kabhi age nahi barh sakta,",A
"Tujhe sharam aani chahiye apni harkat par,",A
"Ghatiya soch wala insaan fail hota hai,",A
"Tera logic pagalon se bhi zyada ganda hai,",A
"Bevakoof insaan ki koi izzat nahi hoti,",A
"Teri harkatein dekh kar taras aata hai,",A
"Nalayak banda kisi cheez ka layak nahi,",A
"Tera munh dekh kar chakkar aane lagte hain,",A
